,date,open,high,low,close,adjclose,volume,ticker
0,2020-03-19,40.0,46.0,40.0,45.25,43.50139236450195,7000,OTIS
1,2020-03-20,45.0099983215332,46.0099983215332,45.0,45.0,43.26105880737305,3600,OTIS
2,2020-03-23,42.0,42.0,39.97999954223633,40.0,38.45426940917969,11900,OTIS
3,2020-03-24,40.0,40.0,39.0,40.0,38.45426940917969,77800,OTIS
4,2020-03-25,40.0,44.79999923706055,38.0,41.0099983215332,39.42524337768555,7000,OTIS
5,2020-03-26,45.0,47.5,44.25,45.0,43.26105880737305,29100,OTIS
6,2020-03-27,45.0,47.5,44.9900016784668,45.23500061035156,43.486976623535156,263200,OTIS
7,2020-03-30,44.25,50.0,44.25,50.0,48.06783676147461,118100,OTIS
8,2020-03-31,46.5,50.0,44.779998779296875,50.0,48.06783676147461,210300,OTIS
9,2020-04-01,45.9900016784668,48.5,44.0,46.70000076293945,44.895362854003906,1206100,OTIS
10,2020-04-02,45.02399826049805,48.65999984741211,43.20000076293945,44.0,42.29969787597656,9264200,OTIS
11,2020-04-03,43.75,49.29999923706055,41.79999923706055,47.31999969482422,45.49140167236328,22551600,OTIS
12,2020-04-06,47.0,47.849998474121094,44.70000076293945,45.939998626708984,44.16473388671875,10294200,OTIS
13,2020-04-07,45.150001525878906,46.9900016784668,42.93000030517578,44.279998779296875,42.568878173828125,12146500,OTIS
14,2020-04-08,42.209999084472656,45.20000076293945,41.2599983215332,44.09000015258789,42.38622283935547,22265800,OTIS
15,2020-04-09,44.04999923706055,50.25,44.0,49.13999938964844,47.24106979370117,17355600,OTIS
16,2020-04-13,48.54999923706055,48.66999816894531,45.720001220703125,46.0,44.222412109375,8545100,OTIS
17,2020-04-14,45.90999984741211,46.29999923706055,43.970001220703125,45.88999938964844,44.11666488647461,10152100,OTIS
18,2020-04-15,44.189998626708984,44.849998474121094,42.79999923706055,44.54999923706055,42.82844543457031,7935500,OTIS
19,2020-04-16,44.08000183105469,46.40700149536133,43.54999923706055,45.619998931884766,43.85709762573242,8740200,OTIS
20,2020-04-17,47.0,48.560001373291016,45.91999816894531,46.150001525878906,44.36662292480469,7878100,OTIS
21,2020-04-20,45.0,46.97999954223633,44.900001525878906,45.38999938964844,43.63597869873047,5407500,OTIS
22,2020-04-21,44.5,47.20000076293945,44.5,45.900001525878906,44.126277923583984,6939700,OTIS
23,2020-04-22,47.310001373291016,49.54999923706055,46.0,47.04999923706055,45.23183822631836,6801900,OTIS
24,2020-04-23,47.439998626708984,48.040000915527344,46.47999954223633,47.470001220703125,45.63560485839844,5174800,OTIS
25,2020-04-24,48.02000045776367,48.5,46.310001373291016,47.849998474121094,46.000919342041016,6446900,OTIS
26,2020-04-27,48.08000183105469,48.599998474121094,47.61000061035156,48.220001220703125,46.35662841796875,5541100,OTIS
27,2020-04-28,49.06999969482422,50.95000076293945,48.650001525878906,49.86000061035156,47.93324661254883,5368200,OTIS
28,2020-04-29,50.77000045776367,51.72999954223633,49.709999084472656,51.150001525878906,49.173397064208984,4343900,OTIS
29,2020-04-30,50.970001220703125,51.599998474121094,50.5,50.90999984741211,48.94266891479492,6123800,OTIS
30,2020-05-01,50.33000183105469,50.529998779296875,48.310001373291016,49.709999084472656,47.78904342651367,3089700,OTIS
31,2020-05-04,48.849998474121094,49.66999816894531,47.5099983215332,49.529998779296875,47.615997314453125,5676600,OTIS
32,2020-05-05,49.529998779296875,50.63999938964844,47.959999084472656,48.09000015258789,46.23164749145508,4103600,OTIS
33,2020-05-06,48.61000061035156,49.0,47.88999938964844,48.310001373291016,46.443145751953125,2931800,OTIS
34,2020-05-07,49.02000045776367,53.290000915527344,48.9900016784668,51.810001373291016,49.80790328979492,4803200,OTIS
35,2020-05-08,52.119998931884766,54.16999816894531,52.11000061035156,52.95000076293945,50.90383529663086,4289400,OTIS
36,2020-05-11,52.0,52.400001525878906,51.060001373291016,51.810001373291016,49.80790328979492,3150600,OTIS
37,2020-05-12,52.189998626708984,52.290000915527344,49.689998626708984,49.720001220703125,47.79866409301758,3059800,OTIS
38,2020-05-13,49.0,50.29999923706055,47.8849983215332,48.209999084472656,46.34701156616211,4567000,OTIS
39,2020-05-14,47.61000061035156,48.400001525878906,47.22999954223633,48.0,46.14512252807617,4849900,OTIS
40,2020-05-15,47.31999969482422,49.220001220703125,47.20000076293945,48.88999938964844,47.000736236572266,2981400,OTIS
41,2020-05-18,50.119998931884766,52.34000015258789,50.119998931884766,52.130001068115234,50.11553192138672,4452600,OTIS
42,2020-05-19,51.68000030517578,52.928001403808594,51.05500030517578,52.310001373291016,50.288570404052734,2050300,OTIS
43,2020-05-20,52.54999923706055,54.70000076293945,52.474998474121094,53.18000030517578,51.12495803833008,4755100,OTIS
44,2020-05-21,52.36000061035156,53.54999923706055,51.869998931884766,52.029998779296875,50.208221435546875,3813100,OTIS
45,2020-05-22,52.459999084472656,52.720001220703125,50.91999816894531,51.709999084472656,49.89942169189453,2134300,OTIS
46,2020-05-26,53.029998779296875,53.9900016784668,50.70000076293945,50.88999938964844,49.10813522338867,6247000,OTIS
47,2020-05-27,51.59000015258789,52.650001525878906,50.77000045776367,52.380001068115234,50.545963287353516,5202300,OTIS
48,2020-05-28,52.869998931884766,52.95000076293945,50.93000030517578,50.959999084472656,49.175682067871094,4260700,OTIS
49,2020-05-29,50.439998626708984,52.869998931884766,50.18000030517578,52.650001525878906,50.80651092529297,7522700,OTIS
50,2020-06-01,52.45000076293945,54.439998626708984,52.11000061035156,54.08000183105469,52.186439514160156,3073300,OTIS
51,2020-06-02,54.15999984741211,54.75,53.290000915527344,54.150001525878906,52.25398254394531,2638100,OTIS
52,2020-06-03,55.0,55.58000183105469,54.54999923706055,55.470001220703125,53.527767181396484,4134500,OTIS
53,2020-06-04,55.29999923706055,56.65999984741211,54.689998626708984,55.400001525878906,53.46022033691406,3281300,OTIS
54,2020-06-05,57.83000183105469,58.70899963378906,56.0,58.56999969482422,56.51922607421875,4615100,OTIS
55,2020-06-08,58.68000030517578,61.31999969482422,58.36000061035156,61.2599983215332,59.11503982543945,5966500,OTIS
56,2020-06-09,60.400001525878906,61.459999084472656,59.2400016784668,60.650001525878906,58.52639389038086,4610200,OTIS
57,2020-06-10,60.61000061035156,60.959999084472656,59.02000045776367,59.029998779296875,56.96311950683594,2658300,OTIS
58,2020-06-11,56.0,58.06999969482422,55.70500183105469,56.25,54.28045654296875,3293900,OTIS
59,2020-06-12,57.72999954223633,58.97999954223633,55.099998474121094,56.040000915527344,54.07780456542969,4313000,OTIS
60,2020-06-15,54.5099983215332,57.79999923706055,53.83000183105469,57.66999816894531,55.650733947753906,4464300,OTIS
61,2020-06-16,59.5,59.79999923706055,57.375,57.849998474121094,55.824440002441406,3510300,OTIS
62,2020-06-17,58.119998931884766,58.189998626708984,56.459999084472656,56.7400016784668,54.75330352783203,2441500,OTIS
63,2020-06-18,56.439998626708984,57.68000030517578,56.2400016784668,57.4900016784668,55.4770393371582,2137500,OTIS
64,2020-06-19,58.959999084472656,58.959999084472656,55.95000076293945,57.0,55.00419998168945,7096100,OTIS
65,2020-06-22,56.880001068115234,58.18000030517578,56.63999938964844,57.060001373291016,55.06209945678711,2027000,OTIS
66,2020-06-23,57.689998626708984,57.869998931884766,56.59000015258789,56.79999923706055,54.811195373535156,2386900,OTIS
67,2020-06-24,56.150001525878906,56.970001220703125,55.25,55.540000915527344,53.595314025878906,3022000,OTIS
68,2020-06-25,55.04999923706055,56.5,54.7599983215332,56.20000076293945,54.23221969604492,2942900,OTIS
69,2020-06-26,56.22999954223633,56.47999954223633,54.44200134277344,55.790000915527344,53.836570739746094,6634300,OTIS
70,2020-06-29,55.88999938964844,56.79999923706055,55.33000183105469,56.56999969482422,54.589256286621094,2257300,OTIS
71,2020-06-30,55.970001220703125,57.099998474121094,55.5099983215332,56.86000061035156,54.869102478027344,2518100,OTIS
72,2020-07-01,57.0,57.0,55.75,55.779998779296875,53.82691955566406,2400200,OTIS
73,2020-07-02,56.43000030517578,57.2400016784668,55.77000045776367,56.5,54.52170181274414,3162900,OTIS
74,2020-07-06,57.380001068115234,57.58000183105469,56.43000030517578,56.86000061035156,54.869102478027344,1999100,OTIS
75,2020-07-07,56.43000030517578,57.310001373291016,56.119998931884766,56.81999969482422,54.830501556396484,2537900,OTIS
76,2020-07-08,57.029998779296875,57.150001525878906,56.27000045776367,56.91999816894531,54.926998138427734,6694900,OTIS
77,2020-07-09,56.86000061035156,57.939998626708984,56.06999969482422,56.11000061035156,54.145355224609375,2424200,OTIS
78,2020-07-10,56.22999954223633,57.310001373291016,56.040000915527344,56.97999954223633,54.98488998413086,2137300,OTIS
79,2020-07-13,56.560001373291016,57.939998626708984,56.46500015258789,56.88999938964844,54.898040771484375,2882500,OTIS
80,2020-07-14,56.220001220703125,57.45000076293945,56.029998779296875,57.369998931884766,55.361236572265625,2755100,OTIS
81,2020-07-15,58.0099983215332,59.0,57.86000061035156,58.20000076293945,56.16217803955078,2358400,OTIS
82,2020-07-16,58.0,58.560001373291016,57.65800094604492,58.31999969482422,56.27797317504883,2628800,OTIS
83,2020-07-17,58.72999954223633,59.029998779296875,58.150001525878906,58.54999923706055,56.49992370605469,2983100,OTIS
84,2020-07-20,58.41999816894531,59.650001525878906,57.9900016784668,58.560001373291016,56.509578704833984,2407800,OTIS
85,2020-07-21,58.380001068115234,58.939998626708984,58.099998474121094,58.439998626708984,56.39378356933594,2314000,OTIS
86,2020-07-22,57.959999084472656,58.93000030517578,57.68000030517578,58.47999954223633,56.432376861572266,2034300,OTIS
87,2020-07-23,58.5,59.46799850463867,58.34000015258789,59.060001373291016,56.9920654296875,2566500,OTIS
88,2020-07-24,59.18000030517578,59.19499969482422,57.630001068115234,58.130001068115234,56.094635009765625,3142100,OTIS
89,2020-07-27,57.86000061035156,58.439998626708984,57.599998474121094,58.31999969482422,56.27797317504883,2670300,OTIS
90,2020-07-28,59.81999969482422,61.83000183105469,59.70000076293945,60.279998779296875,58.169342041015625,4473600,OTIS
91,2020-07-29,60.959999084472656,64.36000061035156,60.959999084472656,64.30000305175781,62.04860305786133,4885400,OTIS
92,2020-07-30,63.439998626708984,64.5199966430664,63.150001525878906,63.38999938964844,61.17045974731445,2307000,OTIS
93,2020-07-31,63.439998626708984,63.439998626708984,62.18000030517578,62.7400016784668,60.5432243347168,3156100,OTIS
94,2020-08-03,63.02000045776367,63.81999969482422,62.7400016784668,63.209999084472656,60.99675750732422,3200500,OTIS
95,2020-08-04,62.58000183105469,62.900001525878906,61.970001220703125,62.61000061035156,60.41777038574219,1739400,OTIS
96,2020-08-05,62.7400016784668,63.650001525878906,62.34000015258789,63.09000015258789,60.88096237182617,2645000,OTIS
97,2020-08-06,62.88999938964844,63.52000045776367,62.8650016784668,63.47999954223633,61.25730514526367,1557400,OTIS
98,2020-08-07,63.15999984741211,64.47000122070312,63.15999984741211,64.41000366210938,62.15474319458008,1169100,OTIS
99,2020-08-10,64.29000091552734,65.30000305175781,64.29000091552734,65.20999908447266,62.92673873901367,1572700,OTIS
100,2020-08-11,65.5199966430664,65.94999694824219,64.33000183105469,64.37000274658203,62.11614227294922,2787700,OTIS
101,2020-08-12,64.97000122070312,65.47000122070312,64.22000122070312,64.9000015258789,62.62757873535156,1496600,OTIS
102,2020-08-13,64.95999908447266,64.95999908447266,63.83000183105469,64.0,61.759098052978516,1436200,OTIS
103,2020-08-14,63.709999084472656,64.51000213623047,63.599998474121094,64.06999969482422,61.82664489746094,1633900,OTIS
104,2020-08-17,64.45999908447266,64.52999877929688,63.709999084472656,63.959999084472656,61.72050857543945,1785500,OTIS
105,2020-08-18,63.849998474121094,64.4000015258789,63.375,63.45000076293945,61.228355407714844,1680200,OTIS
106,2020-08-19,63.47999954223633,63.59000015258789,62.59000015258789,62.91999816894531,60.7169189453125,1549000,OTIS
107,2020-08-20,62.15999984741211,63.25,61.810001373291016,62.970001220703125,60.95893096923828,1291500,OTIS
108,2020-08-21,63.029998779296875,63.7400016784668,62.59000015258789,63.630001068115234,61.59785461425781,2649500,OTIS
109,2020-08-24,63.61000061035156,64.2300033569336,63.040000915527344,63.79999923706055,61.762420654296875,3199900,OTIS
110,2020-08-25,64.41000366210938,64.80999755859375,63.904998779296875,64.29000091552734,62.236778259277344,1604100,OTIS
111,2020-08-26,64.27999877929688,64.79000091552734,63.74800109863281,64.18000030517578,62.13029098510742,1161900,OTIS
112,2020-08-27,64.47000122070312,64.90499877929688,63.16999816894531,63.22999954223633,61.21062469482422,1341700,OTIS
113,2020-08-28,63.27000045776367,63.630001068115234,62.650001525878906,63.59000015258789,61.55913543701172,1129900,OTIS
114,2020-08-31,63.61000061035156,63.84000015258789,62.84000015258789,62.900001525878906,60.89117431640625,1736400,OTIS
115,2020-09-01,62.52000045776367,64.27999877929688,62.32500076293945,64.05000305175781,62.00444412231445,2334100,OTIS
116,2020-09-02,63.72999954223633,65.55999755859375,63.650001525878906,65.33999633789062,63.253238677978516,1827200,OTIS
117,2020-09-03,64.87999725341797,65.44999694824219,61.060001373291016,61.849998474121094,59.874698638916016,3096800,OTIS
118,2020-09-04,62.5,62.599998474121094,60.43000030517578,61.4900016784668,59.52619552612305,2697000,OTIS
119,2020-09-08,61.43000030517578,61.75,60.459999084472656,60.630001068115234,58.693660736083984,2137900,OTIS
120,2020-09-09,61.029998779296875,62.529998779296875,61.0,62.08000183105469,60.09735107421875,1888500,OTIS
121,2020-09-10,61.97999954223633,61.97999954223633,59.72999954223633,59.900001525878906,57.98698043823242,3828900,OTIS
122,2020-09-11,60.2599983215332,60.709999084472656,59.775001525878906,60.13999938964844,58.21931457519531,2273400,OTIS
123,2020-09-14,60.56999969482422,60.56999969482422,59.06700134277344,59.9900016784668,58.07410430908203,2420100,OTIS
124,2020-09-15,60.029998779296875,61.619998931884766,60.029998779296875,60.29999923706055,58.374202728271484,1629400,OTIS
125,2020-09-16,60.86000061035156,61.0099983215332,59.400001525878906,59.790000915527344,57.880496978759766,2457000,OTIS
126,2020-09-17,58.75,61.09000015258789,58.040000915527344,61.040000915527344,59.090572357177734,2219900,OTIS
127,2020-09-18,61.15999984741211,62.63999938964844,60.38999938964844,60.880001068115234,58.93568420410156,3806500,OTIS
128,2020-09-21,60.0,60.220001220703125,58.66999816894531,59.40999984741211,57.51262664794922,2512100,OTIS
129,2020-09-22,58.939998626708984,61.119998931884766,58.86000061035156,60.9900016784668,59.04216384887695,1841500,OTIS
130,2020-09-23,60.77000045776367,61.77000045776367,60.20000076293945,60.40999984741211,58.48069381713867,1733700,OTIS
131,2020-09-24,60.849998474121094,62.75,60.459999084472656,62.08000183105469,60.09735107421875,2374800,OTIS
132,2020-09-25,61.61000061035156,62.349998474121094,61.189998626708984,61.54999923706055,59.58428192138672,1557600,OTIS
133,2020-09-28,62.27000045776367,62.880001068115234,61.900001525878906,62.5099983215332,60.513614654541016,1233900,OTIS
134,2020-09-29,62.41999816894531,62.7599983215332,61.880001068115234,62.40999984741211,60.416812896728516,1435400,OTIS
135,2020-09-30,62.709999084472656,63.599998474121094,61.95000076293945,62.41999816894531,60.426490783691406,2494000,OTIS
136,2020-10-01,62.869998931884766,64.22000122070312,61.7599983215332,62.369998931884766,60.37809753417969,2342500,OTIS
137,2020-10-02,61.619998931884766,63.439998626708984,61.5099983215332,63.15999984741211,61.14286422729492,1447800,OTIS
138,2020-10-05,63.7400016784668,64.62999725341797,63.23500061035156,64.54000091552734,62.478790283203125,1447700,OTIS
139,2020-10-06,64.43000030517578,65.0,63.48500061035156,63.83000183105469,61.79146957397461,2107000,OTIS
140,2020-10-07,64.62999725341797,65.62000274658203,64.375,65.05000305175781,62.972511291503906,1648100,OTIS
141,2020-10-08,64.79000091552734,65.51000213623047,64.4800033569336,64.70999908447266,62.64335632324219,1213200,OTIS
142,2020-10-09,65.0199966430664,65.66999816894531,64.30000305175781,65.3499984741211,63.26292037963867,1187000,OTIS
143,2020-10-12,65.8499984741211,65.98500061035156,65.16999816894531,65.69000244140625,63.59206771850586,1185800,OTIS
144,2020-10-13,65.16000366210938,65.80000305175781,64.61599731445312,65.12999725341797,63.049949645996094,1415900,OTIS
145,2020-10-14,65.5,66.0,64.52999877929688,65.61000061035156,63.51461410522461,1633600,OTIS
146,2020-10-15,64.66999816894531,65.43499755859375,64.01000213623047,65.19999694824219,63.117706298828125,982100,OTIS
147,2020-10-16,65.30000305175781,65.80999755859375,64.80999755859375,65.02999877929688,62.953147888183594,1047500,OTIS
148,2020-10-19,64.9000015258789,65.44000244140625,64.08000183105469,64.36000061035156,62.30453872680664,910500,OTIS
149,2020-10-20,64.68000030517578,65.73999786376953,64.33999633789062,64.38999938964844,62.333580017089844,720000,OTIS
150,2020-10-21,64.25,64.83000183105469,63.709999084472656,63.720001220703125,61.68498229980469,1082600,OTIS
151,2020-10-22,63.9900016784668,63.9900016784668,62.97999954223633,63.2400016784668,61.220306396484375,4980300,OTIS
152,2020-10-23,63.470001220703125,64.0199966430664,63.119998931884766,63.45000076293945,61.42360305786133,2308600,OTIS
153,2020-10-26,63.84000015258789,63.88999938964844,61.369998931884766,63.209999084472656,61.19126510620117,3026000,OTIS
154,2020-10-27,62.90999984741211,63.2400016784668,61.86000061035156,61.970001220703125,59.99087142944336,1973200,OTIS
155,2020-10-28,61.0099983215332,61.2599983215332,58.77000045776367,58.9900016784668,57.106040954589844,2570900,OTIS
156,2020-10-29,58.88999938964844,61.189998626708984,58.79999923706055,60.790000915527344,58.84855270385742,2122600,OTIS
157,2020-10-30,60.349998474121094,61.29999923706055,59.79999923706055,61.279998779296875,59.32289505004883,2036100,OTIS
158,2020-11-02,62.189998626708984,62.77000045776367,61.09000015258789,62.13999938964844,60.155433654785156,1819100,OTIS
159,2020-11-03,62.93000030517578,63.849998474121094,62.08000183105469,62.709999084472656,60.70723342895508,1545600,OTIS
160,2020-11-04,62.68000030517578,63.64500045776367,61.95000076293945,62.29999923706055,60.310333251953125,2042700,OTIS
161,2020-11-05,63.31999969482422,63.95000076293945,62.59000015258789,62.630001068115234,60.62979507446289,1495700,OTIS
162,2020-11-06,62.970001220703125,63.810001373291016,62.66999816894531,63.58000183105469,61.54945373535156,1145800,OTIS
163,2020-11-09,67.0,67.29000091552734,63.43000030517578,63.5,61.47200393676758,2420100,OTIS
164,2020-11-10,63.380001068115234,65.91799926757812,63.31999969482422,65.73999786376953,63.64045715332031,2174600,OTIS
165,2020-11-11,65.86000061035156,66.33000183105469,64.73999786376953,66.12000274658203,64.0083236694336,1319500,OTIS
166,2020-11-12,66.18000030517578,66.45999908447266,65.41999816894531,65.98999786376953,63.882476806640625,1774700,OTIS
167,2020-11-13,66.23999786376953,66.73999786376953,65.2300033569336,65.56999969482422,63.47589111328125,1438500,OTIS
168,2020-11-16,66.22000122070312,67.63999938964844,65.68000030517578,67.38999938964844,65.23777770996094,2338900,OTIS
169,2020-11-17,67.16000366210938,67.94999694824219,66.30500030517578,67.19999694824219,65.05384063720703,1465000,OTIS
170,2020-11-18,67.30999755859375,67.9800033569336,66.51000213623047,66.62999725341797,64.50203704833984,2182800,OTIS
171,2020-11-19,66.62999725341797,67.19000244140625,65.5999984741211,66.16000366210938,64.23988342285156,1809900,OTIS
172,2020-11-20,66.08999633789062,66.73999786376953,66.0,66.31999969482422,64.39522552490234,1811200,OTIS
173,2020-11-23,66.63999938964844,67.52999877929688,66.55000305175781,67.25,65.29823303222656,1885500,OTIS
174,2020-11-24,68.04000091552734,68.04000091552734,66.87999725341797,67.4000015258789,65.44388580322266,4738800,OTIS
175,2020-11-25,67.44000244140625,67.47000122070312,66.41999816894531,67.37999725341797,65.42446899414062,1125400,OTIS
176,2020-11-27,67.55000305175781,68.20999908447266,66.9000015258789,67.33999633789062,65.3856201171875,1645000,OTIS
177,2020-11-30,66.83999633789062,67.69999694824219,66.37999725341797,66.94000244140625,64.99723815917969,1831000,OTIS
178,2020-12-01,67.41999816894531,68.16000366210938,66.7699966430664,66.83000183105469,64.89044189453125,2928100,OTIS
179,2020-12-02,66.91999816894531,67.2699966430664,65.55999755859375,65.69000244140625,63.78351974487305,1379600,OTIS
180,2020-12-03,65.7699966430664,66.8499984741211,65.36000061035156,65.48999786376953,63.589317321777344,1061900,OTIS
181,2020-12-04,65.6500015258789,66.04299926757812,64.87999725341797,65.16000366210938,63.268898010253906,2054300,OTIS
182,2020-12-07,64.9800033569336,65.30999755859375,64.01000213623047,64.8499984741211,62.9678955078125,1917600,OTIS
183,2020-12-08,64.77999877929688,66.1500015258789,64.68000030517578,66.11000061035156,64.19133758544922,2641500,OTIS
184,2020-12-09,65.75,66.20999908447266,65.19000244140625,65.48999786376953,63.589317321777344,1668600,OTIS
185,2020-12-10,65.20999908447266,66.13999938964844,63.849998474121094,64.0,62.1425666809082,2056600,OTIS
186,2020-12-11,63.33000183105469,63.880001068115234,62.95000076293945,63.72999954223633,61.880401611328125,2023900,OTIS
187,2020-12-14,64.48999786376953,64.48999786376953,62.52000045776367,62.779998779296875,60.95797348022461,1377800,OTIS
188,2020-12-15,63.11000061035156,65.58999633789062,62.959999084472656,64.7300033569336,62.851383209228516,2041100,OTIS
189,2020-12-16,64.93000030517578,65.33000183105469,64.33999633789062,65.23999786376953,63.34657287597656,1760600,OTIS
190,2020-12-17,65.75,66.31999969482422,65.5,65.79000091552734,63.8806266784668,1873700,OTIS
191,2020-12-18,65.98999786376953,66.19999694824219,64.54000091552734,65.61000061035156,63.70583724975586,4028700,OTIS
192,2020-12-21,64.94000244140625,66.4800033569336,64.5999984741211,66.1500015258789,64.23016357421875,2201300,OTIS
193,2020-12-22,65.83999633789062,65.98999786376953,65.09500122070312,65.41000366210938,63.51164627075195,1151500,OTIS
194,2020-12-23,65.48999786376953,66.23999786376953,65.30000305175781,65.62999725341797,63.72526168823242,972500,OTIS
195,2020-12-24,65.44999694824219,65.9800033569336,65.29000091552734,65.79000091552734,63.8806266784668,992100,OTIS
196,2020-12-28,66.18000030517578,66.5999984741211,65.54000091552734,66.0,64.08453369140625,786400,OTIS
197,2020-12-29,66.30999755859375,66.5999984741211,65.12999725341797,65.69000244140625,63.78351974487305,1008400,OTIS
198,2020-12-30,65.79000091552734,66.83000183105469,65.79000091552734,66.72000122070312,64.78363800048828,1082200,OTIS
199,2020-12-31,66.86000061035156,67.69000244140625,66.56999969482422,67.55000305175781,65.58953857421875,1238200,OTIS
200,2021-01-04,67.55000305175781,68.0199966430664,65.55000305175781,65.58999633789062,63.686424255371094,2569600,OTIS
201,2021-01-05,65.81999969482422,66.41999816894531,64.75900268554688,65.0999984741211,63.21063995361328,1366100,OTIS
202,2021-01-06,65.81999969482422,67.33000183105469,65.25,66.91000366210938,64.9681167602539,1596000,OTIS
203,2021-01-07,67.30000305175781,67.95500183105469,66.84500122070312,67.77999877929688,65.8128662109375,1542500,OTIS
204,2021-01-08,67.47000122070312,67.97000122070312,65.8499984741211,66.83000183105469,64.89044189453125,1914000,OTIS
205,2021-01-11,66.22000122070312,66.79000091552734,65.80999755859375,66.36000061035156,64.43407440185547,1506200,OTIS
206,2021-01-12,66.2699966430664,66.80000305175781,65.06999969482422,65.2300033569336,63.33686828613281,1722000,OTIS
207,2021-01-13,65.19000244140625,65.53500366210938,63.849998474121094,63.970001220703125,62.11343765258789,3172600,OTIS
208,2021-01-14,64.19999694824219,65.37000274658203,63.79999923706055,64.94000244140625,63.05528259277344,3088300,OTIS
209,2021-01-15,64.80999755859375,65.69000244140625,63.5099983215332,65.52999877929688,63.62815856933594,1841100,OTIS
210,2021-01-19,66.0,66.44999694824219,64.91999816894531,65.37000274658203,63.472801208496094,2489200,OTIS
211,2021-01-20,65.80000305175781,66.5,64.88999938964844,65.19000244140625,63.298030853271484,1737200,OTIS
212,2021-01-21,65.23999786376953,65.23999786376953,63.45000076293945,63.52000045776367,61.67649459838867,3945600,OTIS
213,2021-01-22,63.52000045776367,65.20999908447266,63.20000076293945,64.87999725341797,62.99702453613281,3546500,OTIS
214,2021-01-25,64.0,64.61000061035156,62.0,64.22000122070312,62.35618209838867,4500200,OTIS
215,2021-01-26,64.5999984741211,65.08999633789062,62.27000045776367,63.5099983215332,61.66678237915039,2742100,OTIS
216,2021-01-27,62.68000030517578,63.0099983215332,61.279998779296875,62.2400016784668,60.43364334106445,3241300,OTIS
217,2021-01-28,62.599998474121094,64.81999969482422,62.33000183105469,63.83000183105469,61.97750473022461,3235000,OTIS
218,2021-01-29,65.11000061035156,65.98999786376953,63.45000076293945,64.6500015258789,62.773704528808594,10353200,OTIS
219,2021-02-01,65.98999786376953,66.01000213623047,63.0,64.55000305175781,62.67660140991211,3731500,OTIS
220,2021-02-02,65.05000305175781,66.77999877929688,64.5,64.63999938964844,62.76399612426758,4327800,OTIS
221,2021-02-03,64.63999938964844,64.87000274658203,62.95000076293945,64.05000305175781,62.19111633300781,3542100,OTIS
222,2021-02-04,63.88999938964844,64.12999725341797,63.0,63.290000915527344,61.45317459106445,2303900,OTIS
223,2021-02-05,62.7400016784668,64.19999694824219,62.630001068115234,63.93000030517578,62.07459259033203,3697900,OTIS
224,2021-02-08,63.75,64.52999877929688,63.150001525878906,63.72999954223633,61.880401611328125,1787100,OTIS
225,2021-02-09,63.540000915527344,64.59300231933594,63.209999084472656,64.36000061035156,62.49211502075195,2819100,OTIS
226,2021-02-10,64.94000244140625,65.9000015258789,64.5999984741211,65.30999755859375,63.4145393371582,1934100,OTIS
227,2021-02-11,65.04000091552734,65.20600128173828,62.8849983215332,63.43000030517578,61.778289794921875,4298900,OTIS
228,2021-02-12,62.88999938964844,64.54000091552734,62.88999938964844,63.93000030517578,62.26526641845703,2021600,OTIS
229,2021-02-16,64.30999755859375,64.33999633789062,62.58000183105469,63.189998626708984,61.54453659057617,3228400,OTIS
230,2021-02-17,63.310001373291016,63.369998931884766,62.61899948120117,62.689998626708984,61.05755615234375,2178600,OTIS
231,2021-02-18,62.459999084472656,63.58000183105469,62.310001373291016,63.060001373291016,61.417930603027344,2258400,OTIS
232,2021-02-19,63.31999969482422,63.45500183105469,62.939998626708984,63.040000915527344,61.3984489440918,3852700,OTIS
233,2021-02-22,62.849998474121094,63.595001220703125,62.52000045776367,63.22999954223633,61.583499908447266,2560000,OTIS
234,2021-02-23,62.84000015258789,63.56999969482422,62.560001373291016,63.22999954223633,61.583499908447266,2571200,OTIS
235,2021-02-24,63.09000015258789,64.41000366210938,63.029998779296875,64.3499984741211,62.6743278503418,2257300,OTIS
236,2021-02-25,64.27999877929688,64.91000366210938,64.01000213623047,64.45999908447266,62.781471252441406,2431700,OTIS
237,2021-02-26,64.88999938964844,64.88999938964844,63.59000015258789,63.709999084472656,62.051002502441406,3278300,OTIS
238,2021-03-01,64.12000274658203,65.75,64.06999969482422,64.93000030517578,63.239234924316406,1896000,OTIS
239,2021-03-02,64.7300033569336,65.84500122070312,64.33000183105469,65.41000366210938,63.70673751831055,2657500,OTIS
240,2021-03-03,65.51000213623047,67.6500015258789,65.06999969482422,67.0,65.25533294677734,3210800,OTIS
241,2021-03-04,66.83000183105469,66.9000015258789,63.34000015258789,63.95000076293945,62.284751892089844,3634400,OTIS
242,2021-03-05,64.5199966430664,65.11000061035156,62.7599983215332,64.87000274658203,63.18079376220703,2168000,OTIS
243,2021-03-08,64.97000122070312,66.33000183105469,64.58999633789062,65.22000122070312,63.52167510986328,1636700,OTIS
244,2021-03-09,65.69000244140625,66.6500015258789,64.91999816894531,64.93000030517578,63.239234924316406,2547300,OTIS
245,2021-03-10,64.66999816894531,66.49500274658203,64.61000061035156,66.25,64.52485656738281,1814900,OTIS
246,2021-03-11,66.0999984741211,67.63999938964844,65.88999938964844,67.30000305175781,65.5475082397461,2214700,OTIS
247,2021-03-12,67.6500015258789,67.6500015258789,65.98999786376953,66.0,64.28137969970703,1938200,OTIS
248,2021-03-15,65.94000244140625,66.63999938964844,65.51499938964844,66.61000061035156,64.87548828125,1495700,OTIS
249,2021-03-16,67.12000274658203,67.97000122070312,66.58000183105469,67.69999694824219,65.93709564208984,2371800,OTIS
250,2021-03-17,67.98999786376953,68.6500015258789,67.36000061035156,68.58000183105469,66.79419708251953,1729500,OTIS
251,2021-03-18,68.1500015258789,68.63999938964844,67.45999908447266,68.1500015258789,66.37538146972656,2752800,OTIS
252,2021-03-19,67.88999938964844,67.88999938964844,66.5199966430664,66.86000061035156,65.11896514892578,3149000,OTIS
253,2021-03-22,66.80999755859375,66.94000244140625,65.63999938964844,66.81999969482422,65.08001708984375,1391500,OTIS
254,2021-03-23,66.41999816894531,67.70999908447266,66.19999694824219,66.95999908447266,65.21636199951172,1364500,OTIS
255,2021-03-24,66.87999725341797,67.95999908447266,66.87999725341797,67.16999816894531,65.4208984375,1378000,OTIS
256,2021-03-25,67.41000366210938,68.13999938964844,66.76000213623047,67.86000061035156,66.09294128417969,1738900,OTIS
257,2021-03-26,68.16000366210938,69.37999725341797,67.62000274658203,69.04000091552734,67.24220275878906,1989400,OTIS
258,2021-03-29,69.83000183105469,70.66999816894531,69.5,69.91000366210938,68.08956146240234,2038300,OTIS
259,2021-03-30,70.06999969482422,70.48999786376953,69.41999816894531,69.73999786376953,67.92398834228516,2604800,OTIS
260,2021-03-31,70.0199966430664,70.0199966430664,68.2699966430664,68.44999694824219,66.66755676269531,3783100,OTIS
261,2021-04-01,68.88999938964844,69.63999938964844,68.31999969482422,69.26000213623047,67.45648193359375,1579200,OTIS
262,2021-04-05,69.08000183105469,69.69999694824219,68.91999816894531,69.2300033569336,67.42726135253906,1126600,OTIS
263,2021-04-06,69.5,70.46499633789062,68.88999938964844,69.72000122070312,67.90450286865234,1972800,OTIS
264,2021-04-07,69.86000061035156,70.2699966430664,69.41000366210938,69.62999725341797,67.81683349609375,7225700,OTIS
265,2021-04-08,69.48999786376953,69.6449966430664,68.91999816894531,69.41000366210938,67.60256958007812,1881700,OTIS
266,2021-04-09,69.68000030517578,70.94999694824219,69.44999694824219,70.75,68.9076919555664,3557700,OTIS
267,2021-04-12,70.62000274658203,71.1050033569336,70.31999969482422,70.6500015258789,68.81029510498047,1986000,OTIS
268,2021-04-13,70.44999694824219,71.23500061035156,70.19200134277344,71.12000274658203,69.26805114746094,1513400,OTIS
269,2021-04-14,71.0,71.07499694824219,70.05999755859375,70.4000015258789,68.5667953491211,3099700,OTIS
270,2021-04-15,70.63999938964844,71.23999786376953,70.11000061035156,70.97000122070312,69.12195587158203,1495600,OTIS
271,2021-04-16,71.41000366210938,71.41000366210938,69.8499984741211,70.58000183105469,68.74211883544922,2548500,OTIS
272,2021-04-19,70.70999908447266,71.38500213623047,70.3499984741211,71.02999877929688,69.18038940429688,2641300,OTIS
273,2021-04-20,71.63999938964844,71.69000244140625,70.33000183105469,70.47000122070312,68.63496398925781,3682300,OTIS
274,2021-04-21,70.44999694824219,71.08000183105469,69.83000183105469,71.04000091552734,69.19013214111328,3080300,OTIS
275,2021-04-22,71.2300033569336,71.75,70.61000061035156,70.94999694824219,69.10247039794922,2415600,OTIS
276,2021-04-23,71.06999969482422,71.9800033569336,70.73999786376953,71.27999877929688,69.42387390136719,2574700,OTIS
277,2021-04-26,76.44000244140625,76.87999725341797,74.55000305175781,76.2699966430664,74.28394317626953,6077800,OTIS
278,2021-04-27,76.5,79.26000213623047,76.12000274658203,79.0,76.94285583496094,6143800,OTIS
279,2021-04-28,79.18000030517578,79.5,77.98999786376953,78.0,75.9688949584961,3492300,OTIS
280,2021-04-29,78.0199966430664,79.12000274658203,78.0199966430664,78.69000244140625,76.64092254638672,2492200,OTIS
281,2021-04-30,78.25,78.66999816894531,77.55000305175781,77.87000274658203,75.84228515625,3659500,OTIS
282,2021-05-03,78.48999786376953,79.0999984741211,77.91000366210938,78.4000015258789,76.35847473144531,2739900,OTIS
283,2021-05-04,78.37999725341797,79.55999755859375,78.37999725341797,78.72000122070312,76.67013549804688,3402100,OTIS
284,2021-05-05,78.88999938964844,79.23999786376953,77.76000213623047,78.05999755859375,76.0273208618164,2075500,OTIS
285,2021-05-06,78.43000030517578,78.87899780273438,77.69999694824219,78.36000061035156,76.31951904296875,2983500,OTIS
286,2021-05-07,78.08000183105469,78.94999694824219,77.91000366210938,78.19000244140625,76.1539535522461,2780700,OTIS
287,2021-05-10,78.66999816894531,79.0999984741211,78.02999877929688,78.25,76.2123794555664,4867400,OTIS
288,2021-05-11,77.79000091552734,78.11000061035156,76.8499984741211,77.62000274658203,75.59879302978516,2939200,OTIS
289,2021-05-12,77.76000213623047,77.95999908447266,76.11000061035156,76.12999725341797,74.1475830078125,2392700,OTIS
290,2021-05-13,75.98999786376953,77.5250015258789,75.81999969482422,77.1500015258789,75.14102935791016,2658300,OTIS
291,2021-05-14,77.6500015258789,79.44000244140625,77.41000366210938,78.87999725341797,76.82597351074219,3255300,OTIS
292,2021-05-17,78.7300033569336,79.18000030517578,78.0999984741211,79.01000213623047,76.95259857177734,2234000,OTIS
293,2021-05-18,79.55000305175781,79.69000244140625,78.56999969482422,78.5999984741211,76.55326080322266,2941000,OTIS
294,2021-05-19,77.94000244140625,78.0,77.02999877929688,77.47000122070312,75.45268249511719,5465700,OTIS
295,2021-05-20,77.12000274658203,77.86000061035156,76.86000061035156,77.36000061035156,75.57970428466797,6751500,OTIS
296,2021-05-21,77.62000274658203,78.30000305175781,77.27999877929688,77.56999969482422,75.78485870361328,2245000,OTIS
297,2021-05-24,77.5999984741211,78.33000183105469,77.20999908447266,78.12999725341797,76.33199310302734,1547500,OTIS
298,2021-05-25,78.27999877929688,78.61000061035156,77.66000366210938,77.69000244140625,75.90209197998047,2288600,OTIS
299,2021-05-26,77.7699966430664,78.2300033569336,77.55000305175781,77.7699966430664,75.98025512695312,1890100,OTIS
300,2021-05-27,78.1500015258789,79.08999633789062,77.69000244140625,78.70999908447266,76.89862060546875,2818900,OTIS
301,2021-05-28,78.4800033569336,78.70999908447266,77.83000183105469,78.33000183105469,76.52737426757812,1915000,OTIS
302,2021-06-01,79.16999816894531,79.83000183105469,78.2750015258789,78.41000366210938,76.60553741455078,2207600,OTIS
303,2021-06-02,78.41999816894531,78.76000213623047,77.7699966430664,78.2699966430664,76.46875762939453,1898600,OTIS
304,2021-06-03,78.25,79.43000030517578,77.66999816894531,79.13999938964844,77.31873321533203,1949900,OTIS
305,2021-06-04,79.25,79.91999816894531,79.22000122070312,79.87000274658203,78.03193664550781,1644000,OTIS
306,2021-06-07,80.4000015258789,80.80500030517578,79.47000122070312,79.61000061035156,77.77791595458984,1723600,OTIS
307,2021-06-08,79.76000213623047,80.94999694824219,79.375,80.8499984741211,78.98937225341797,2647600,OTIS
308,2021-06-09,80.79000091552734,81.18000030517578,80.33000183105469,80.75,78.89167785644531,1947300,OTIS
309,2021-06-10,81.05000305175781,81.55999755859375,79.79000091552734,80.41999816894531,78.56927490234375,1753200,OTIS
310,2021-06-11,80.8499984741211,80.98999786376953,79.69999694824219,80.54000091552734,78.6865234375,1527800,OTIS
311,2021-06-14,80.56999969482422,80.80000305175781,80.12999725341797,80.80000305175781,78.94053649902344,1232700,OTIS
312,2021-06-15,80.97000122070312,81.2699966430664,80.4229965209961,80.98999786376953,79.12616729736328,1341500,OTIS
313,2021-06-16,81.01000213623047,81.30999755859375,80.29000091552734,80.62999725341797,78.7744369506836,2578100,OTIS
314,2021-06-17,80.91999816894531,81.19000244140625,79.44499969482422,80.47000122070312,78.61811828613281,3734700,OTIS
315,2021-06-18,79.76000213623047,80.16999816894531,78.92500305175781,79.5,77.67044830322266,4490800,OTIS
316,2021-06-21,80.08999633789062,81.0999984741211,79.66999816894531,81.04000091552734,79.17501831054688,2582700,OTIS
317,2021-06-22,81.04000091552734,81.80999755859375,80.75,81.37000274658203,79.49742126464844,1757800,OTIS
318,2021-06-23,81.63999938964844,81.66000366210938,80.73999786376953,80.81999969482422,78.96007537841797,1276400,OTIS
319,2021-06-24,80.88999938964844,81.69999694824219,80.69000244140625,81.37000274658203,79.49742126464844,1679100,OTIS
320,2021-06-25,81.51000213623047,81.91000366210938,81.27999877929688,81.6500015258789,79.77098083496094,2532100,OTIS
321,2021-06-28,81.5999984741211,81.75,80.73999786376953,81.66000366210938,79.7807388305664,1940000,OTIS
322,2021-06-29,81.69000244140625,82.47000122070312,81.58000183105469,82.08000183105469,80.19108581542969,1844000,OTIS
323,2021-06-30,81.8499984741211,82.41000366210938,81.2300033569336,81.7699966430664,79.88821411132812,1981700,OTIS
324,2021-07-01,82.19000244140625,82.38999938964844,81.69999694824219,82.08000183105469,80.19108581542969,1576100,OTIS
325,2021-07-02,82.19000244140625,82.94000244140625,81.8499984741211,82.66000366210938,80.75772857666016,1113100,OTIS
326,2021-07-06,82.2699966430664,82.56999969482422,81.69999694824219,82.25,80.35716247558594,1570300,OTIS
327,2021-07-07,82.86000061035156,84.6500015258789,82.31999969482422,84.08000183105469,82.14505004882812,1645300,OTIS
328,2021-07-08,82.91999816894531,83.93000030517578,82.45999908447266,83.08999633789062,81.17782592773438,1478100,OTIS
329,2021-07-09,83.83999633789062,84.01000213623047,83.2300033569336,83.81999969482422,81.89103698730469,1073300,OTIS
330,2021-07-12,83.47000122070312,83.88999938964844,83.23999786376953,83.81999969482422,81.89103698730469,1506700,OTIS
331,2021-07-13,84.01000213623047,84.38999938964844,83.30000305175781,83.52999877929688,81.60770416259766,1683000,OTIS
332,2021-07-14,83.4000015258789,84.98200225830078,83.4000015258789,84.77999877929688,82.82894134521484,1772100,OTIS
333,2021-07-15,84.5,85.41999816894531,84.5,85.2300033569336,83.26858520507812,1769100,OTIS
334,2021-07-16,85.06999969482422,85.55000305175781,84.87000274658203,84.91999816894531,82.9657211303711,1654800,OTIS
335,2021-07-19,84.30999755859375,84.41000366210938,83.0199966430664,84.05999755859375,82.12550354003906,2534100,OTIS
336,2021-07-20,84.44999694824219,86.29000091552734,84.13999938964844,86.0999984741211,84.11856079101562,1839200,OTIS
337,2021-07-21,86.25,86.91000366210938,86.14800262451172,86.80999755859375,84.81221008300781,1447700,OTIS
338,2021-07-22,87.0,87.6500015258789,86.62000274658203,87.33000183105469,85.32025909423828,2123200,OTIS
339,2021-07-23,88.08000183105469,88.81800079345703,87.6500015258789,88.5199966430664,86.48287963867188,1648700,OTIS
340,2021-07-26,89.94000244140625,90.19999694824219,86.8499984741211,89.05999755859375,87.01044464111328,3098600,OTIS
341,2021-07-27,89.0250015258789,89.15599822998047,87.5199966430664,88.22000122070312,86.18978118896484,1701900,OTIS
342,2021-07-28,88.0199966430664,88.44000244140625,87.2699966430664,87.93000030517578,85.90644836425781,1670200,OTIS
343,2021-07-29,88.3499984741211,88.94000244140625,87.87000274658203,88.87000274658203,86.82481384277344,2009900,OTIS
344,2021-07-30,88.83999633789062,89.79000091552734,88.69000244140625,89.55000305175781,87.48917388916016,1545200,OTIS
345,2021-08-02,89.68000030517578,90.66999816894531,89.68000030517578,89.93000030517578,87.86042022705078,1441000,OTIS
346,2021-08-03,90.11000061035156,91.81999969482422,90.0999984741211,91.27999877929688,89.1793441772461,1683700,OTIS
347,2021-08-04,91.0,91.66999816894531,90.56999969482422,90.80000305175781,88.71038818359375,1214800,OTIS
348,2021-08-05,91.1500015258789,91.41000366210938,90.02999877929688,90.7300033569336,88.64201354980469,1547000,OTIS
349,2021-08-06,91.02999877929688,91.31999969482422,89.95999908447266,90.13999938964844,88.06559753417969,1938600,OTIS
350,2021-08-09,89.81999969482422,90.05999755859375,88.94000244140625,89.7300033569336,87.6650390625,1867200,OTIS
351,2021-08-10,89.88999938964844,90.55999755859375,89.38999938964844,89.87000274658203,87.80180358886719,1269500,OTIS
352,2021-08-11,89.91000366210938,90.54000091552734,89.80999755859375,90.43000030517578,88.34893035888672,1539600,OTIS
353,2021-08-12,90.43000030517578,90.43000030517578,89.55999755859375,90.19999694824219,88.12420654296875,1344100,OTIS
354,2021-08-13,90.26000213623047,91.02999877929688,90.0999984741211,90.66000366210938,88.5736312866211,2823900,OTIS
355,2021-08-16,90.75,92.0999984741211,90.45999908447266,91.9000015258789,89.78508758544922,2660100,OTIS
356,2021-08-17,91.43000030517578,91.75,90.16999816894531,90.73999786376953,88.65177154541016,1821700,OTIS
357,2021-08-18,90.47000122070312,91.72000122070312,90.30000305175781,90.5,88.41731262207031,2377400,OTIS
358,2021-08-19,89.56999969482422,90.88999938964844,89.30999755859375,90.19999694824219,88.35852813720703,1343500,OTIS
359,2021-08-20,89.83000183105469,90.41000366210938,89.47000122070312,90.0199966430664,88.18221282958984,3291500,OTIS
360,2021-08-23,90.54000091552734,90.98999786376953,89.86000061035156,89.91999816894531,88.08423614501953,2037500,OTIS
361,2021-08-24,89.86000061035156,90.76000213623047,89.65499877929688,90.37000274658203,88.5250473022461,2585500,OTIS
362,2021-08-25,90.7699966430664,91.47000122070312,90.62000274658203,91.12999725341797,89.26953887939453,2034500,OTIS
363,2021-08-26,90.91999816894531,92.0,90.91000366210938,91.80999755859375,89.93565368652344,1527800,OTIS
364,2021-08-27,92.11000061035156,92.67900085449219,91.76000213623047,92.01000213623047,90.13157653808594,1195500,OTIS
365,2021-08-30,92.01000213623047,92.83999633789062,91.7750015258789,92.37000274658203,90.48422241210938,867900,OTIS
366,2021-08-31,92.37000274658203,92.6449966430664,91.86000061035156,92.22000122070312,90.33728790283203,2124700,OTIS
367,2021-09-01,92.19000244140625,92.19999694824219,90.95500183105469,91.5,89.6319808959961,1711600,OTIS
368,2021-09-02,91.9000015258789,92.45999908447266,91.6500015258789,92.05999755859375,90.18054962158203,1547000,OTIS
369,2021-09-03,91.88999938964844,92.45500183105469,91.58000183105469,91.81999969482422,89.9454574584961,1313400,OTIS
370,2021-09-07,91.56999969482422,91.56999969482422,89.26000213623047,89.37999725341797,87.55525970458984,2056300,OTIS
371,2021-09-08,89.12999725341797,91.05999755859375,89.04199981689453,90.72000122070312,88.86791229248047,2312400,OTIS
372,2021-09-09,90.83999633789062,91.26000213623047,90.12000274658203,90.4800033569336,88.63282012939453,1610300,OTIS
373,2021-09-10,91.02999877929688,91.23999786376953,90.19999694824219,90.55000305175781,88.7013931274414,1494900,OTIS
374,2021-09-13,91.33000183105469,91.70999908447266,89.40499877929688,89.94999694824219,88.11363220214844,2013200,OTIS
375,2021-09-14,90.20999908447266,90.83000183105469,89.26499938964844,90.36000061035156,88.51526641845703,2113700,OTIS
376,2021-09-15,90.58000183105469,90.58000183105469,89.45999908447266,90.3499984741211,88.50546264648438,2868600,OTIS
377,2021-09-16,90.3499984741211,90.3499984741211,87.625,88.19999694824219,86.39936828613281,3171200,OTIS
378,2021-09-17,87.26000213623047,87.44999694824219,84.88999938964844,85.0199966430664,83.2842788696289,11037500,OTIS
379,2021-09-20,84.0,84.4000015258789,82.2699966430664,83.18000030517578,81.48184967041016,4458100,OTIS
380,2021-09-21,83.31999969482422,84.12000274658203,81.93000030517578,82.0,80.325927734375,4208800,OTIS
381,2021-09-22,83.86000061035156,85.55000305175781,83.12000274658203,84.29000091552734,82.56918334960938,3488600,OTIS
382,2021-09-23,84.52999877929688,86.80999755859375,84.02999877929688,85.73999786376953,83.98957824707031,4250200,OTIS
383,2021-09-24,85.41999816894531,86.1449966430664,84.55999755859375,84.86000061035156,83.12755584716797,1874200,OTIS
384,2021-09-27,84.55000305175781,85.13500213623047,84.05000305175781,84.2300033569336,82.51041412353516,1614400,OTIS
385,2021-09-28,83.56999969482422,84.15599822998047,82.72000122070312,83.70999908447266,82.00103759765625,2440600,OTIS
386,2021-09-29,83.9000015258789,84.38999938964844,83.11000061035156,83.31999969482422,81.61898803710938,1784600,OTIS
387,2021-09-30,83.87999725341797,84.08000183105469,82.2699966430664,82.27999877929688,80.60021209716797,2354800,OTIS
388,2021-10-01,82.66000366210938,83.0,81.05000305175781,82.5,80.81572723388672,2530400,OTIS
389,2021-10-04,82.11000061035156,83.125,81.58000183105469,81.91000366210938,80.23778533935547,2474600,OTIS
390,2021-10-05,82.27999877929688,83.74500274658203,81.8499984741211,83.36000061035156,81.65817260742188,2080900,OTIS
391,2021-10-06,82.79000091552734,83.5,81.20999908447266,82.87000274658203,81.17816925048828,1916800,OTIS
392,2021-10-07,83.94000244140625,85.11000061035156,83.77999877929688,84.37999725341797,82.65734100341797,2487900,OTIS
393,2021-10-08,83.91000366210938,84.38500213623047,82.6500015258789,83.44999694824219,81.74632263183594,1942600,OTIS
394,2021-10-11,83.2300033569336,83.5,81.55999755859375,81.62000274658203,79.95368957519531,2134100,OTIS
395,2021-10-12,81.80999755859375,82.18499755859375,81.27999877929688,81.94000244140625,80.26716613769531,2368900,OTIS
396,2021-10-13,82.23999786376953,82.29000091552734,81.08000183105469,81.27999877929688,79.62063598632812,1519300,OTIS
397,2021-10-14,81.95999908447266,83.48999786376953,81.94999694824219,83.41000366210938,81.7071533203125,2166500,OTIS
398,2021-10-15,83.91999816894531,84.69000244140625,83.48999786376953,84.0999984741211,82.38306427001953,1681400,OTIS
399,2021-10-18,83.66000366210938,83.86900329589844,82.9729995727539,83.31999969482422,81.61898803710938,1452300,OTIS
400,2021-10-19,84.0,84.73999786376953,83.7699966430664,84.41999816894531,82.696533203125,1388000,OTIS
401,2021-10-20,84.62999725341797,86.45999908447266,84.2300033569336,85.45999908447266,83.71530151367188,2339900,OTIS
402,2021-10-21,84.18000030517578,85.38999938964844,83.48999786376953,85.3499984741211,83.60755157470703,1917700,OTIS
403,2021-10-22,85.86000061035156,86.70999908447266,85.41000366210938,85.62999725341797,83.88182067871094,2678500,OTIS
404,2021-10-25,81.08999633789062,83.94999694824219,81.08999633789062,81.86000061035156,80.18879699707031,3623700,OTIS
405,2021-10-26,82.33499908447266,82.5999984741211,79.76000213623047,80.2699966430664,78.6312484741211,3657600,OTIS
406,2021-10-27,80.66999816894531,80.83000183105469,79.48999786376953,79.72000122070312,78.09249114990234,2896600,OTIS
407,2021-10-28,79.5999984741211,80.16000366210938,78.5999984741211,79.91999816894531,78.28839874267578,2435300,OTIS
408,2021-10-29,79.55999755859375,81.4800033569336,79.54000091552734,80.30999755859375,78.6704330444336,2870500,OTIS
409,2021-11-01,80.45999908447266,81.16000366210938,80.12999725341797,80.91999816894531,79.26799774169922,1846100,OTIS
410,2021-11-02,81.33000183105469,81.44999694824219,80.1500015258789,81.11000061035156,79.45410919189453,1465500,OTIS
411,2021-11-03,81.27999877929688,81.81999969482422,79.61499786376953,80.61000061035156,78.96432495117188,2306700,OTIS
412,2021-11-04,80.94000244140625,81.86000061035156,80.79000091552734,81.83999633789062,80.169189453125,1943200,OTIS
413,2021-11-05,82.12999725341797,82.70999908447266,81.55999755859375,81.70999908447266,80.04185485839844,1500900,OTIS
414,2021-11-08,82.11000061035156,82.38899993896484,81.39299774169922,82.23999786376953,80.56104278564453,2422400,OTIS
415,2021-11-09,82.4000015258789,83.66999816894531,82.06999969482422,83.54000091552734,81.83450317382812,3078900,OTIS
416,2021-11-10,83.94999694824219,84.44999694824219,83.19000244140625,83.36000061035156,81.65817260742188,2986300,OTIS
417,2021-11-11,83.44999694824219,83.69999694824219,82.7699966430664,83.4000015258789,81.6973648071289,1743500,OTIS
418,2021-11-12,83.94000244140625,85.6500015258789,83.30999755859375,85.62999725341797,83.88182067871094,1737600,OTIS
419,2021-11-15,85.5,85.58999633789062,83.93699645996094,84.16000366210938,82.44184112548828,1319100,OTIS
420,2021-11-16,84.55999755859375,84.98999786376953,84.22000122070312,84.5199966430664,82.79448699951172,1532800,OTIS
421,2021-11-17,84.36000061035156,86.04499816894531,84.09500122070312,85.56999969482422,83.82305145263672,2657800,OTIS
422,2021-11-18,84.79000091552734,86.41999816894531,84.68000030517578,86.2300033569336,84.70716094970703,2586400,OTIS
423,2021-11-19,86.44000244140625,87.83000183105469,86.06999969482422,86.26000213623047,84.73662567138672,2901700,OTIS
424,2021-11-22,86.25,86.38999938964844,83.87000274658203,84.19999694824219,82.71300506591797,1770400,OTIS
425,2021-11-23,84.0,84.375,83.5199966430664,83.80999755859375,82.32988739013672,1683000,OTIS
426,2021-11-24,83.6500015258789,84.55000305175781,82.87000274658203,84.45999908447266,82.96842193603516,1024700,OTIS
427,2021-11-26,82.93000030517578,84.2300033569336,82.5,83.19000244140625,81.72084045410156,1170100,OTIS
428,2021-11-29,84.11000061035156,84.33999633789062,82.98999786376953,83.58000183105469,82.10395050048828,1934300,OTIS
429,2021-11-30,83.08000183105469,83.58000183105469,80.1500015258789,80.4000015258789,78.98011016845703,2602300,OTIS
430,2021-12-01,81.69999694824219,83.33999633789062,80.41999816894531,80.44999694824219,79.02922821044922,2247400,OTIS
431,2021-12-02,80.86000061035156,83.06900024414062,80.8550033569336,82.8499984741211,81.38684844970703,2224700,OTIS
432,2021-12-03,83.3499984741211,83.5999984741211,81.91999816894531,82.80000305175781,81.33773803710938,2236400,OTIS
433,2021-12-06,83.4000015258789,84.48999786376953,82.68000030517578,84.01000213623047,82.52635955810547,2046200,OTIS
434,2021-12-07,85.13999938964844,86.26000213623047,84.72000122070312,85.69999694824219,84.18651580810547,2093000,OTIS
435,2021-12-08,85.6500015258789,86.51599884033203,84.69999694824219,86.20999908447266,84.68750762939453,2923600,OTIS
436,2021-12-09,86.04000091552734,86.61000061035156,85.16999816894531,86.19000244140625,84.66786193847656,2406900,OTIS
437,2021-12-10,86.31999969482422,86.56999969482422,85.79499816894531,86.08000183105469,84.55980682373047,2379000,OTIS
438,2021-12-13,86.25,86.63999938964844,84.80000305175781,85.37999725341797,83.87216186523438,2502400,OTIS
439,2021-12-14,85.06999969482422,85.4000015258789,84.07499694824219,84.80999755859375,83.31222534179688,2178600,OTIS
440,2021-12-15,85.05000305175781,85.38500213623047,83.48100280761719,84.91999816894531,83.42029571533203,2011900,OTIS
441,2021-12-16,85.70999908447266,86.86499786376953,85.20999908447266,86.51000213623047,84.98221588134766,3345100,OTIS
442,2021-12-17,85.43000030517578,86.66999816894531,84.0199966430664,84.16000366210938,82.67371368408203,2875700,OTIS
443,2021-12-20,83.25,83.25,80.57499694824219,82.33000183105469,80.87602996826172,2440500,OTIS
444,2021-12-21,83.33000183105469,84.27999877929688,82.80999755859375,84.18000030517578,82.693359375,1415100,OTIS
445,2021-12-22,84.12999725341797,84.55999755859375,83.63999938964844,84.30999755859375,82.8210678100586,1014500,OTIS
446,2021-12-23,84.8499984741211,85.58799743652344,84.43000030517578,85.25,83.74446105957031,933100,OTIS
447,2021-12-27,85.7300033569336,86.54000091552734,85.58999633789062,86.5199966430664,84.99203491210938,674400,OTIS
448,2021-12-28,86.48999786376953,86.70999908447266,86.12999725341797,86.45999908447266,84.93310546875,730200,OTIS
449,2021-12-29,86.22000122070312,87.23300170898438,86.22000122070312,86.81999969482422,85.28673553466797,1229700,OTIS
450,2021-12-30,86.87000274658203,87.27400207519531,86.30000305175781,86.36000061035156,84.8348617553711,864300,OTIS
451,2021-12-31,86.16999816894531,87.56900024414062,86.16999816894531,87.06999969482422,85.53231811523438,985600,OTIS
452,2022-01-03,87.19999694824219,88.22000122070312,84.58000183105469,85.56999969482422,84.0588150024414,2209600,OTIS
453,2022-01-04,85.4000015258789,86.45999908447266,84.97000122070312,86.22000122070312,84.69733428955078,1739200,OTIS
454,2022-01-05,86.52999877929688,87.1050033569336,83.7300033569336,83.83000183105469,82.34954833984375,2656900,OTIS
455,2022-01-06,84.19000244140625,84.9800033569336,83.77999877929688,84.70999908447266,83.21399688720703,1641400,OTIS
456,2022-01-07,84.4000015258789,85.2699966430664,84.20999908447266,84.36000061035156,82.87017822265625,2351500,OTIS
457,2022-01-10,83.80999755859375,84.69000244140625,82.45999908447266,84.66000366210938,83.1648941040039,1940000,OTIS
458,2022-01-11,85.19999694824219,86.29000091552734,84.18000030517578,86.23999786376953,84.71697235107422,2334200,OTIS
459,2022-01-12,86.72000122070312,87.33999633789062,86.12999725341797,86.94999694824219,85.41443634033203,2864100,OTIS
460,2022-01-13,87.08999633789062,87.68000030517578,85.54000091552734,85.76000213623047,84.24545288085938,3365800,OTIS
461,2022-01-14,84.86000061035156,85.6449966430664,83.04000091552734,84.18000030517578,82.693359375,2870400,OTIS
462,2022-01-18,83.05000305175781,84.1500015258789,81.68000030517578,83.88999938964844,82.40848541259766,2640500,OTIS
463,2022-01-19,84.19999694824219,84.44000244140625,82.8499984741211,83.0999984741211,81.6324234008789,2632200,OTIS
464,2022-01-20,83.5999984741211,84.0999984741211,81.83999633789062,82.20999908447266,80.75814819335938,3534500,OTIS
465,2022-01-21,82.20999908447266,83.9000015258789,81.56999969482422,83.11000061035156,81.64225769042969,2844000,OTIS
466,2022-01-24,81.68000030517578,83.3499984741211,80.13999938964844,83.2300033569336,81.76013946533203,4451900,OTIS
467,2022-01-25,81.7300033569336,83.62999725341797,80.91999816894531,82.97000122070312,81.50473022460938,4027200,OTIS
468,2022-01-26,83.56999969482422,84.62000274658203,81.0,81.5199966430664,80.08033752441406,3633100,OTIS
469,2022-01-27,82.30000305175781,83.41999816894531,81.30000305175781,82.61000061035156,81.15109252929688,3093400,OTIS
470,2022-01-28,82.20999908447266,82.81999969482422,80.83999633789062,82.7699966430664,81.3082504272461,4367500,OTIS
471,2022-01-31,81.30000305175781,85.69499969482422,80.5199966430664,85.43000030517578,83.9212875366211,4710600,OTIS
472,2022-02-01,85.8499984741211,86.37000274658203,81.56999969482422,83.55999755859375,82.08430480957031,4970900,OTIS
473,2022-02-02,83.81999969482422,84.31199645996094,82.43000030517578,83.2699966430664,81.79943084716797,2889900,OTIS
474,2022-02-03,82.66999816894531,83.62999725341797,81.75,81.8499984741211,80.4045181274414,2902900,OTIS
475,2022-02-04,81.26000213623047,83.2300033569336,80.97000122070312,82.44000244140625,80.98407745361328,3508500,OTIS
476,2022-02-07,82.5999984741211,82.9000015258789,81.5,81.66000366210938,80.21786499023438,1790200,OTIS
477,2022-02-08,82.04000091552734,84.26000213623047,81.8949966430664,84.06999969482422,82.5853042602539,3294300,OTIS
478,2022-02-09,84.91000366210938,85.11399841308594,83.41000366210938,83.7699966430664,82.29060363769531,2132000,OTIS
479,2022-02-10,82.87999725341797,83.33000183105469,81.19999694824219,81.55000305175781,80.10980224609375,1926400,OTIS
480,2022-02-11,81.5999984741211,81.83999633789062,79.11000061035156,79.63999938964844,78.23352813720703,2494800,OTIS
481,2022-02-14,79.55999755859375,80.25,78.66999816894531,79.75,78.34159088134766,3899000,OTIS
482,2022-02-15,81.18000030517578,81.68000030517578,78.54499816894531,78.79000091552734,77.39855194091797,4126300,OTIS
483,2022-02-16,78.94000244140625,79.31999969482422,77.45999908447266,78.87000274658203,77.47713470458984,3305200,OTIS
484,2022-02-17,78.02999877929688,78.0999984741211,76.16100311279297,76.22000122070312,75.10247802734375,2253500,OTIS
485,2022-02-18,76.05000305175781,76.91999816894531,75.33999633789062,76.3499984741211,75.2305679321289,6320300,OTIS
486,2022-02-22,76.0999984741211,77.51000213623047,75.87999725341797,76.30000305175781,75.1812973022461,2481400,OTIS
487,2022-02-23,76.7699966430664,76.80000305175781,74.16000366210938,74.69000244140625,73.59491729736328,2771000,OTIS
488,2022-02-24,73.32499694824219,76.93000030517578,73.0999984741211,76.58999633789062,75.46704864501953,3807000,OTIS
489,2022-02-25,76.68000030517578,78.77999877929688,76.45999908447266,78.51000213623047,77.35890197753906,3005300,OTIS
490,2022-02-28,77.16000366210938,78.93000030517578,77.16000366210938,78.33000183105469,77.1815414428711,3918500,OTIS
491,2022-03-01,78.33999633789062,78.4800033569336,76.55999755859375,77.6500015258789,76.51151275634766,3501600,OTIS
492,2022-03-02,78.18000030517578,79.00499725341797,78.05000305175781,78.77999877929688,77.62493896484375,3266200,OTIS
493,2022-03-03,79.66999816894531,80.54000091552734,78.69999694824219,79.18000030517578,78.01907348632812,2660900,OTIS
494,2022-03-04,78.20999908447266,78.58000183105469,76.66000366210938,77.95999908447266,76.81696319580078,2967900,OTIS
495,2022-03-07,77.80000305175781,78.08999633789062,74.25,74.30000305175781,73.21061706542969,2768400,OTIS
496,2022-03-08,74.20999908447266,75.2300033569336,73.4800033569336,73.5,72.42236328125,3249800,OTIS
497,2022-03-09,74.94000244140625,76.19999694824219,74.76000213623047,75.26000213623047,74.15655517578125,3050200,OTIS
498,2022-03-10,74.30000305175781,74.55000305175781,73.30000305175781,73.80000305175781,72.71796417236328,3981100,OTIS
499,2022-03-11,73.98999786376953,74.11499786376953,72.2699966430664,72.4000015258789,71.3384780883789,3290800,OTIS
500,2022-03-14,73.33000183105469,73.375,71.06999969482422,71.9800033569336,70.92464447021484,4014900,OTIS
501,2022-03-15,72.5,73.91000366210938,71.94999694824219,73.6500015258789,72.57015228271484,4655600,OTIS
502,2022-03-16,74.51000213623047,76.83000183105469,74.0,75.5,74.39302825927734,2692800,OTIS
503,2022-03-17,75.04000091552734,76.44000244140625,74.98999786376953,76.38999938964844,75.26997375488281,1868200,OTIS
504,2022-03-18,76.6500015258789,78.37000274658203,76.5199966430664,77.9800033569336,76.836669921875,3822500,OTIS
505,2022-03-21,77.5199966430664,78.16500091552734,76.41999816894531,77.33000183105469,76.19619750976562,1805000,OTIS
506,2022-03-22,77.30000305175781,78.58000183105469,77.30000305175781,77.52999877929688,76.39326477050781,2601700,OTIS
507,2022-03-23,77.12999725341797,77.61000061035156,76.25,76.44000244140625,75.31924438476562,1675300,OTIS
508,2022-03-24,76.37999725341797,77.47000122070312,75.94999694824219,77.41999816894531,76.28488159179688,1837900,OTIS
509,2022-03-25,77.61000061035156,77.75,76.62000274658203,77.23999786376953,76.1075210571289,1531900,OTIS
510,2022-03-28,76.95999908447266,78.05000305175781,76.31999969482422,78.01000213623047,76.8662338256836,2218200,OTIS
511,2022-03-29,78.69999694824219,79.48999786376953,78.08999633789062,78.6500015258789,77.49684143066406,1812200,OTIS
512,2022-03-30,78.0,78.6500015258789,77.69999694824219,77.75,76.61003112792969,1261600,OTIS
513,2022-03-31,77.61000061035156,78.34500122070312,76.9000015258789,76.94999694824219,75.82176208496094,2413400,OTIS
514,2022-04-01,76.91000366210938,77.25399780273438,75.75,76.27999877929688,75.1615982055664,2591900,OTIS
515,2022-04-04,76.30000305175781,76.75,75.80999755859375,76.63999938964844,75.51631164550781,1872600,OTIS
516,2022-04-05,76.36000061035156,76.56999969482422,74.91000366210938,75.1500015258789,74.04816436767578,1582900,OTIS
517,2022-04-06,74.33000183105469,76.3499984741211,74.16000366210938,76.2300033569336,75.11233520507812,2666000,OTIS
518,2022-04-07,75.77999877929688,77.98999786376953,75.77999877929688,77.54000091552734,76.40312194824219,3012100,OTIS
519,2022-04-08,77.26000213623047,78.19999694824219,77.11000061035156,77.23999786376953,76.1075210571289,2107000,OTIS
520,2022-04-11,77.0,77.26000213623047,76.16000366210938,76.37000274658203,75.25028228759766,1750400,OTIS
521,2022-04-12,76.5199966430664,77.19000244140625,75.48999786376953,75.88999938964844,74.77730560302734,2814200,OTIS
522,2022-04-13,75.26000213623047,76.5,75.26000213623047,75.83999633789062,74.72804260253906,1592600,OTIS
523,2022-04-14,76.02999877929688,76.48500061035156,74.69999694824219,74.75,73.6540298461914,1717000,OTIS
524,2022-04-18,74.69000244140625,75.06999969482422,73.12000274658203,73.62000274658203,72.54060363769531,1517100,OTIS
525,2022-04-19,74.02999877929688,75.4800033569336,73.87000274658203,75.37000274658203,74.26493072509766,1380400,OTIS
526,2022-04-20,75.9800033569336,76.37000274658203,75.29000091552734,75.5199966430664,74.41273498535156,2107800,OTIS
527,2022-04-21,76.0999984741211,76.62999725341797,74.83999633789062,75.20999908447266,74.10728454589844,2256200,OTIS
528,2022-04-22,73.83999633789062,74.62999725341797,73.31999969482422,73.41999816894531,72.34352111816406,2115500,OTIS
529,2022-04-25,75.27999877929688,76.02999877929688,73.05999755859375,74.5999984741211,73.50621795654297,4038900,OTIS
530,2022-04-26,73.37000274658203,73.97000122070312,72.19000244140625,72.37000274658203,71.30892944335938,2231400,OTIS
531,2022-04-27,72.30999755859375,74.3499984741211,72.30999755859375,73.56999969482422,72.49132537841797,2499900,OTIS
532,2022-04-28,73.58999633789062,76.5199966430664,73.44000244140625,76.06999969482422,74.95467376708984,2837400,OTIS
533,2022-04-29,75.58000183105469,75.91999816894531,72.56999969482422,72.83999633789062,71.77203369140625,2808100,OTIS
534,2022-05-02,73.0,74.04000091552734,71.33000183105469,72.94999694824219,71.88041687011719,2627400,OTIS
535,2022-05-03,72.91999816894531,73.62999725341797,72.46800231933594,73.31999969482422,72.24500274658203,2297000,OTIS
536,2022-05-04,73.94000244140625,76.83000183105469,73.26000213623047,76.5999984741211,75.47689819335938,2700800,OTIS
537,2022-05-05,75.48999786376953,76.0999984741211,73.93499755859375,74.68000030517578,73.58505249023438,2377800,OTIS
538,2022-05-06,74.2300033569336,74.87000274658203,72.7699966430664,74.58000183105469,73.48651885986328,2470400,OTIS
539,2022-05-09,73.29000091552734,74.19000244140625,72.7699966430664,73.30999755859375,72.23513793945312,2718000,OTIS
540,2022-05-10,73.87000274658203,74.80000305175781,71.47000122070312,72.7699966430664,71.70304870605469,2771000,OTIS
541,2022-05-11,72.70999908447266,73.9800033569336,72.33999633789062,72.9000015258789,71.8311538696289,3214400,OTIS
542,2022-05-12,72.5199966430664,74.30000305175781,71.26000213623047,73.0,71.92967987060547,2482100,OTIS
543,2022-05-13,73.83000183105469,75.48999786376953,73.48500061035156,75.11000061035156,74.00875091552734,2601200,OTIS
544,2022-05-16,74.55999755859375,74.86000061035156,73.58000183105469,74.33999633789062,73.25003814697266,2101000,OTIS
545,2022-05-17,75.04000091552734,75.45999908447266,73.86000061035156,75.45999908447266,74.3536148071289,2742800,OTIS
546,2022-05-18,74.41000366210938,74.87000274658203,71.98999786376953,72.20999908447266,71.15126037597656,1899700,OTIS
547,2022-05-19,71.26000213623047,73.48999786376953,71.20999908447266,72.58999633789062,71.81410217285156,1780500,OTIS
548,2022-05-20,73.30999755859375,74.36000061035156,71.44999694824219,73.44000244140625,72.65502166748047,3017700,OTIS
549,2022-05-23,73.98999786376953,74.7750015258789,73.12999725341797,73.87000274658203,73.0804214477539,2473100,OTIS
550,2022-05-24,74.83000183105469,75.87999725341797,73.2300033569336,75.48999786376953,74.68309783935547,3071700,OTIS
551,2022-05-25,74.72000122070312,74.91999816894531,72.7750015258789,73.52999877929688,72.74404907226562,2854900,OTIS
552,2022-05-26,74.37999725341797,75.56999969482422,74.08000183105469,75.08000183105469,74.27748107910156,3380100,OTIS
553,2022-05-27,75.8499984741211,76.62000274658203,75.37999725341797,76.30000305175781,75.48445129394531,2837700,OTIS
554,2022-05-31,75.55000305175781,75.65499877929688,73.7300033569336,74.4000015258789,73.6047592163086,9765400,OTIS
555,2022-06-01,74.31999969482422,75.16999816894531,73.58000183105469,73.97000122070312,73.17935180664062,2384000,OTIS
556,2022-06-02,74.0,75.36000061035156,73.6500015258789,75.23999786376953,74.43577575683594,2133600,OTIS
557,2022-06-03,74.73999786376953,75.31999969482422,74.08999633789062,75.19000244140625,74.38631439208984,1415400,OTIS
558,2022-06-06,75.52999877929688,76.05999755859375,75.08000183105469,75.19999694824219,74.39620208740234,1019900,OTIS
559,2022-06-07,74.73999786376953,76.55999755859375,74.37999725341797,76.48999786376953,75.67241668701172,1582500,OTIS
560,2022-06-08,75.83000183105469,76.94000244140625,75.19000244140625,76.33999633789062,75.52401733398438,1926900,OTIS
561,2022-06-09,76.19000244140625,77.16000366210938,75.76000213623047,76.0,75.18765258789062,2505100,OTIS
562,2022-06-10,74.79000091552734,75.02999877929688,73.2699966430664,73.29000091552734,72.50662231445312,2314500,OTIS
563,2022-06-13,71.43000030517578,72.19999694824219,70.44999694824219,71.0999984741211,70.34001922607422,1860400,OTIS
564,2022-06-14,70.91999816894531,71.20500183105469,68.63999938964844,69.20999908447266,68.4702377319336,1859400,OTIS
565,2022-06-15,69.41000366210938,70.7699966430664,68.76000213623047,69.76000213623047,69.01435852050781,1629300,OTIS
566,2022-06-16,68.41999816894531,68.48500061035156,66.97000122070312,67.94999694824219,67.22369384765625,1818700,OTIS
567,2022-06-17,67.94000244140625,68.73999786376953,67.2300033569336,67.87999725341797,67.15444946289062,3669400,OTIS
568,2022-06-21,68.80000305175781,70.11000061035156,68.16000366210938,69.87000274658203,69.12318420410156,2506000,OTIS
569,2022-06-22,68.4800033569336,69.12000274658203,67.87000274658203,68.76000213623047,68.02503967285156,2621800,OTIS
570,2022-06-23,68.68000030517578,69.5199966430664,67.91999816894531,68.58999633789062,67.85684967041016,1791000,OTIS
571,2022-06-24,68.94999694824219,70.9000015258789,68.47000122070312,70.86000061035156,70.10259246826172,3453500,OTIS
572,2022-06-27,71.30000305175781,71.37000274658203,69.125,69.91999816894531,69.17264556884766,2327700,OTIS
573,2022-06-28,70.19999694824219,70.8499984741211,69.48999786376953,69.79000091552734,69.04402923583984,1877800,OTIS
574,2022-06-29,69.5,70.19999694824219,68.5199966430664,69.77999877929688,69.03414154052734,2728700,OTIS
575,2022-06-30,68.97000122070312,70.91000366210938,68.75,70.66999816894531,69.91462707519531,2822500,OTIS
576,2022-07-01,70.9800033569336,72.24500274658203,70.2300033569336,71.9000015258789,71.13148498535156,2096300,OTIS
577,2022-07-05,70.37999725341797,71.48999786376953,70.17500305175781,71.37000274658203,70.60714721679688,1936800,OTIS
578,2022-07-06,71.45999908447266,71.77999877929688,70.58999633789062,71.26000213623047,70.49832153320312,2440000,OTIS
579,2022-07-07,68.6500015258789,70.20999908447266,67.36000061035156,70.08999633789062,69.34081268310547,4386800,OTIS
580,2022-07-08,70.0,70.37000274658203,68.82099914550781,69.88999938964844,69.14295959472656,2485600,OTIS
581,2022-07-11,69.93000030517578,70.16999816894531,68.69999694824219,69.0,68.2624740600586,2116900,OTIS
582,2022-07-12,68.88999938964844,70.19999694824219,68.55999755859375,68.83999633789062,68.10417938232422,2430700,OTIS
583,2022-07-13,68.08000183105469,68.94999694824219,67.83000183105469,68.4000015258789,67.66889190673828,1635500,OTIS
584,2022-07-14,67.31999969482422,69.0199966430664,67.0,68.98999786376953,68.2525863647461,2793600,OTIS
585,2022-07-15,69.93000030517578,70.1500015258789,69.26000213623047,69.51000213623047,68.76702880859375,3010100,OTIS
586,2022-07-18,69.88999938964844,70.48400115966797,68.77999877929688,68.95999908447266,68.222900390625,1525900,OTIS
587,2022-07-19,69.80000305175781,71.93000030517578,69.75,71.83999633789062,71.0721206665039,2450500,OTIS
588,2022-07-20,72.04000091552734,72.76000213623047,71.0999984741211,72.66999816894531,71.89324951171875,1942400,OTIS
589,2022-07-21,72.6500015258789,73.11499786376953,72.25,72.94999694824219,72.17025756835938,1520900,OTIS
590,2022-07-22,73.08000183105469,73.29000091552734,71.37999725341797,71.9000015258789,71.13148498535156,3805300,OTIS
591,2022-07-25,71.97000122070312,72.66000366210938,71.70999908447266,72.38999938964844,71.61624145507812,1620800,OTIS
592,2022-07-26,72.38999938964844,72.79000091552734,71.58999633789062,72.72000122070312,71.94271850585938,1897800,OTIS
593,2022-07-27,72.80000305175781,76.61000061035156,72.80000305175781,76.44000244140625,75.6229476928711,3786500,OTIS
594,2022-07-28,76.05999755859375,77.48999786376953,75.91000366210938,76.8499984741211,76.028564453125,2118300,OTIS
595,2022-07-29,77.08999633789062,78.55000305175781,76.38999938964844,78.16999816894531,77.33445739746094,2183100,OTIS
596,2022-08-01,77.30000305175781,79.05000305175781,77.30000305175781,78.27999877929688,77.44328308105469,2425700,OTIS
597,2022-08-02,78.16999816894531,78.7699966430664,77.4000015258789,77.45999908447266,76.63204956054688,2146700,OTIS
598,2022-08-03,77.8499984741211,79.69999694824219,77.45899963378906,79.2300033569336,78.38313293457031,2483600,OTIS
599,2022-08-04,79.58000183105469,79.80999755859375,79.04000091552734,79.5,78.6502456665039,2129600,OTIS
600,2022-08-05,78.91000366210938,79.71499633789062,78.55999755859375,79.31999969482422,78.47217559814453,1492700,OTIS
601,2022-08-08,79.80000305175781,80.06500244140625,79.01499938964844,79.27999877929688,78.4325942993164,1882400,OTIS
602,2022-08-09,78.9000015258789,79.08000183105469,78.36000061035156,78.86000061035156,78.01708984375,1276600,OTIS
603,2022-08-10,80.0,80.54499816894531,79.37999725341797,79.9000015258789,79.04596710205078,1419700,OTIS
604,2022-08-11,80.70999908447266,81.54000091552734,80.0999984741211,80.5999984741211,79.73847961425781,1665800,OTIS
605,2022-08-12,81.05999755859375,81.86000061035156,80.55000305175781,81.75,80.8761978149414,1758800,OTIS
606,2022-08-15,81.26000213623047,81.94000244140625,81.01000213623047,81.55000305175781,80.67832946777344,2015600,OTIS
607,2022-08-16,81.23999786376953,81.76000213623047,80.90499877929688,81.31999969482422,80.45079040527344,1862100,OTIS
608,2022-08-17,80.5199966430664,80.86000061035156,80.16000366210938,80.58000183105469,79.71869659423828,1623200,OTIS
609,2022-08-18,80.54000091552734,80.58999633789062,80.01000213623047,80.41000366210938,79.83785247802734,1183100,OTIS
610,2022-08-19,80.02999877929688,80.19999694824219,78.98999786376953,79.41000366210938,78.84496307373047,1212500,OTIS
611,2022-08-22,78.06999969482422,78.2750015258789,77.08999633789062,77.33000183105469,76.7797622680664,2493900,OTIS
612,2022-08-23,77.12999725341797,77.66000366210938,76.55500030517578,76.9000015258789,76.35282135009766,1680300,OTIS
613,2022-08-24,76.95999908447266,77.66000366210938,76.77999877929688,77.37000274658203,76.8194808959961,1676800,OTIS
614,2022-08-25,77.70999908447266,78.23999786376953,77.38999938964844,78.18000030517578,77.62371826171875,1881600,OTIS
615,2022-08-26,78.38999938964844,78.38999938964844,75.16999816894531,75.2300033569336,74.69470977783203,1482100,OTIS
616,2022-08-29,74.75,74.80000305175781,73.88999938964844,74.06999969482422,73.54295349121094,1441700,OTIS
617,2022-08-30,74.12999725341797,74.36000061035156,72.2300033569336,72.86000061035156,72.34156799316406,2247000,OTIS
618,2022-08-31,73.19999694824219,73.48999786376953,71.83000183105469,72.22000122070312,71.70612335205078,3350600,OTIS
619,2022-09-01,72.13999938964844,72.76000213623047,71.31999969482422,72.72000122070312,72.20256805419922,1653600,OTIS
620,2022-09-02,73.45999908447266,73.61000061035156,71.44999694824219,71.72000122070312,71.20968627929688,1565900,OTIS
621,2022-09-06,71.69999694824219,72.1500015258789,70.93000030517578,72.08000183105469,71.56712341308594,1597300,OTIS
622,2022-09-07,72.20999908447266,73.51000213623047,71.7300033569336,73.41000366210938,72.88765716552734,1751400,OTIS
623,2022-09-08,72.94000244140625,73.22000122070312,72.41999816894531,72.91000366210938,72.39122009277344,1883900,OTIS
624,2022-09-09,73.18000030517578,73.54000091552734,72.7699966430664,73.4000015258789,72.87773132324219,1803300,OTIS
625,2022-09-12,73.98999786376953,74.0999984741211,72.87000274658203,73.80000305175781,73.27488708496094,1693800,OTIS
626,2022-09-13,72.2699966430664,72.43000030517578,70.76000213623047,71.12000274658203,70.61395263671875,1756300,OTIS
627,2022-09-14,71.05000305175781,71.17500305175781,69.30999755859375,69.8499984741211,69.35298156738281,2097200,OTIS
628,2022-09-15,69.9000015258789,70.45999908447266,68.69000244140625,68.93000030517578,68.43953704833984,2129100,OTIS
629,2022-09-16,68.16999816894531,68.30000305175781,67.0199966430664,67.80000305175781,67.31758117675781,3782500,OTIS
630,2022-09-19,67.44999694824219,68.3499984741211,67.4000015258789,68.25,67.76436614990234,2338000,OTIS
631,2022-09-20,67.83000183105469,68.01000213623047,66.88999938964844,67.62000274658203,67.13885498046875,1842500,OTIS
632,2022-09-21,67.93000030517578,68.83999633789062,67.0199966430664,67.02999877929688,66.55305480957031,1579600,OTIS
633,2022-09-22,66.58000183105469,67.11499786376953,65.3550033569336,65.44999694824219,64.98429107666016,1981000,OTIS
634,2022-09-23,64.98999786376953,65.93000030517578,64.75499725341797,65.77999877929688,65.31194305419922,2551600,OTIS
635,2022-09-26,65.4800033569336,66.58000183105469,64.8499984741211,65.37000274658203,64.90486907958984,2415500,OTIS
636,2022-09-27,65.94000244140625,66.25,64.61000061035156,65.12999725341797,64.66657257080078,1890500,OTIS
637,2022-09-28,65.7300033569336,66.2300033569336,64.8949966430664,65.7699966430664,65.30201721191406,2264400,OTIS
638,2022-09-29,65.22000122070312,65.36000061035156,63.875,64.5,64.04105377197266,1910800,OTIS
639,2022-09-30,64.52999877929688,64.91999816894531,63.7400016784668,63.79999923706055,63.34603500366211,2625600,OTIS
640,2022-10-03,64.72000122070312,66.01000213623047,64.11000061035156,65.44000244140625,64.974365234375,1905500,OTIS
641,2022-10-04,66.45999908447266,67.4800033569336,66.28500366210938,67.05000305175781,66.57291412353516,2424900,OTIS
642,2022-10-05,66.41999816894531,67.87999725341797,66.33499908447266,67.43000030517578,66.95021057128906,1452500,OTIS
643,2022-10-06,67.22000122070312,67.61000061035156,66.69999694824219,66.80000305175781,66.32469177246094,1670000,OTIS
644,2022-10-07,66.16999816894531,66.51000213623047,64.87000274658203,65.26000213623047,64.79564666748047,1446600,OTIS
645,2022-10-10,65.80000305175781,65.98999786376953,64.47000122070312,65.01000213623047,64.54743194580078,841300,OTIS
646,2022-10-11,64.97000122070312,65.56999969482422,64.4800033569336,64.75,64.28927612304688,1449200,OTIS
647,2022-10-12,65.06999969482422,65.33999633789062,64.56500244140625,64.58000183105469,64.12049102783203,1637600,OTIS
648,2022-10-13,63.18000030517578,65.55000305175781,62.4900016784668,65.01000213623047,64.54743194580078,1946400,OTIS
649,2022-10-14,65.43000030517578,66.0999984741211,63.83000183105469,64.12000274658203,63.663761138916016,1632800,OTIS
650,2022-10-17,65.02999877929688,65.7300033569336,64.80999755859375,65.37000274658203,64.90486907958984,1688600,OTIS
651,2022-10-18,66.91999816894531,67.0,66.0,66.70999908447266,66.2353286743164,1637200,OTIS
652,2022-10-19,66.47000122070312,66.94999694824219,65.66000366210938,66.27999877929688,65.80838775634766,1552300,OTIS
653,2022-10-20,66.44000244140625,66.70500183105469,64.66999816894531,64.75,64.28927612304688,1923200,OTIS
654,2022-10-21,65.02999877929688,66.94000244140625,64.30000305175781,66.79000091552734,66.31476593017578,2351000,OTIS
655,2022-10-24,67.16999816894531,67.88999938964844,66.79000091552734,67.08000183105469,66.60269927978516,2518300,OTIS
656,2022-10-25,66.9800033569336,68.91000366210938,66.9800033569336,68.8499984741211,68.360107421875,2567100,OTIS
657,2022-10-26,68.69000244140625,69.1500015258789,66.77999877929688,68.33999633789062,67.85372924804688,3656700,OTIS
658,2022-10-27,68.51000213623047,71.5199966430664,68.4000015258789,70.01000213623047,69.51184844970703,3016900,OTIS
659,2022-10-28,70.12000274658203,71.87000274658203,69.8499984741211,71.69000244140625,71.17989349365234,1918400,OTIS
660,2022-10-31,70.68000030517578,71.5199966430664,70.23999786376953,70.63999938964844,70.13736724853516,2551900,OTIS
661,2022-11-01,71.2699966430664,72.0199966430664,70.7300033569336,71.51000213623047,71.00117492675781,1885200,OTIS
662,2022-11-02,71.20999908447266,72.56999969482422,70.19999694824219,70.20999908447266,69.71041870117188,1782900,OTIS
663,2022-11-03,69.47000122070312,71.08999633789062,69.12000274658203,70.20999908447266,69.71041870117188,2035000,OTIS
664,2022-11-04,71.29000091552734,73.87000274658203,71.29000091552734,73.22000122070312,72.69900512695312,2299000,OTIS
665,2022-11-07,73.08999633789062,73.7699966430664,72.69000244140625,73.73999786376953,73.2153091430664,1777400,OTIS
666,2022-11-08,73.94000244140625,74.19999694824219,72.5999984741211,73.16000366210938,72.63943481445312,1528100,OTIS
667,2022-11-09,72.95999908447266,73.88999938964844,72.54000091552734,72.61000061035156,72.09335327148438,1743200,OTIS
668,2022-11-10,74.5199966430664,76.11000061035156,74.5199966430664,75.5999984741211,75.06207275390625,2643400,OTIS
669,2022-11-11,75.66000366210938,78.02999877929688,75.61499786376953,77.37000274658203,76.8194808959961,2984500,OTIS
670,2022-11-14,76.76000213623047,79.55999755859375,76.72000122070312,77.7699966430664,77.21662902832031,4193900,OTIS
671,2022-11-15,78.47000122070312,79.4800033569336,78.19000244140625,78.70999908447266,78.14994049072266,2349100,OTIS
672,2022-11-16,78.44999694824219,79.75,78.33000183105469,78.4000015258789,77.84214782714844,2169600,OTIS
673,2022-11-17,77.0,77.41000366210938,75.70999908447266,77.3499984741211,77.08475494384766,3420800,OTIS
674,2022-11-18,78.18000030517578,78.76000213623047,77.41999816894531,77.76000213623047,77.49335479736328,3697600,OTIS
675,2022-11-21,77.47000122070312,78.5199966430664,76.80500030517578,78.19000244140625,77.92188262939453,2068800,OTIS
676,2022-11-22,78.55999755859375,78.58999633789062,77.5999984741211,78.25,77.98167419433594,1916300,OTIS
677,2022-11-23,77.97000122070312,78.52999877929688,77.51000213623047,78.0999984741211,77.83218383789062,1898000,OTIS
678,2022-11-25,78.54000091552734,79.01799774169922,78.22000122070312,78.66999816894531,78.40023040771484,971100,OTIS
679,2022-11-28,78.0199966430664,78.36000061035156,76.19499969482422,76.33999633789062,76.07821655273438,2065800,OTIS
680,2022-11-29,76.45999908447266,77.62000274658203,76.13999938964844,76.87999725341797,76.61636352539062,1869000,OTIS
681,2022-11-30,76.80999755859375,78.16500091552734,75.5199966430664,78.08999633789062,77.82221984863281,3462100,OTIS
682,2022-12-01,77.62000274658203,78.91000366210938,77.33999633789062,78.83000183105469,78.55968475341797,1776700,OTIS
683,2022-12-02,78.06999969482422,80.16000366210938,77.5199966430664,79.75,79.47652435302734,1998300,OTIS
684,2022-12-05,78.81999969482422,79.26000213623047,77.83999633789062,78.4800033569336,78.21088409423828,2100200,OTIS
685,2022-12-06,78.47000122070312,79.22000122070312,78.25,79.19000244140625,78.91844940185547,2674000,OTIS
686,2022-12-07,78.97000122070312,79.48999786376953,78.36000061035156,79.0,78.7291030883789,2151300,OTIS
687,2022-12-08,79.87999725341797,80.0,79.05500030517578,79.73999786376953,79.46656036376953,2376700,OTIS
688,2022-12-09,79.87000274658203,80.0,78.3550033569336,78.45999908447266,78.19094848632812,1417200,OTIS
689,2022-12-12,78.9000015258789,80.62000274658203,78.5199966430664,80.54000091552734,80.2638168334961,1681200,OTIS
690,2022-12-13,82.0,82.0,80.58000183105469,80.94999694824219,80.67240905761719,2600900,OTIS
691,2022-12-14,81.0,81.94000244140625,79.9000015258789,80.25,79.97481536865234,3025900,OTIS
692,2022-12-15,79.33999633789062,79.56999969482422,77.98999786376953,78.81999969482422,78.54971313476562,2119400,OTIS
693,2022-12-16,78.20999908447266,78.7300033569336,77.69999694824219,78.5999984741211,78.3304672241211,4036900,OTIS
694,2022-12-19,78.62999725341797,79.01499938964844,77.5719985961914,77.87000274658203,77.60297393798828,1532700,OTIS
695,2022-12-20,77.9000015258789,78.26000213623047,77.51000213623047,77.91999816894531,77.65280151367188,1889800,OTIS
696,2022-12-21,78.44000244140625,79.12999725341797,77.91000366210938,79.02999877929688,78.75899505615234,1621700,OTIS
697,2022-12-22,78.55999755859375,78.77999877929688,77.0999984741211,78.13999938964844,77.8720474243164,1379600,OTIS
698,2022-12-23,77.9000015258789,78.62999725341797,77.73999786376953,78.36000061035156,78.09129333496094,810400,OTIS
699,2022-12-27,78.37000274658203,78.97000122070312,78.01000213623047,78.51000213623047,78.24078369140625,955400,OTIS
700,2022-12-28,78.5999984741211,78.75,77.38999938964844,77.4000015258789,77.13459014892578,882800,OTIS
701,2022-12-29,78.04000091552734,79.2300033569336,77.5999984741211,79.06999969482422,78.79885864257812,957700,OTIS
702,2022-12-30,78.80000305175781,78.98999786376953,77.55000305175781,78.30999755859375,78.04146575927734,995900,OTIS
703,2023-01-03,78.94000244140625,79.45999908447266,78.41000366210938,79.12000274658203,78.84869384765625,1317300,OTIS
704,2023-01-04,79.77999877929688,80.87000274658203,79.30000305175781,80.7699966430664,80.49302673339844,1611900,OTIS
705,2023-01-05,80.51000213623047,80.80999755859375,79.95999908447266,80.12999725341797,79.855224609375,2136300,OTIS
706,2023-01-06,80.98999786376953,82.05000305175781,80.41000366210938,81.8499984741211,81.56932830810547,1555400,OTIS
707,2023-01-09,81.9800033569336,82.92500305175781,81.31500244140625,81.47000122070312,81.19062805175781,1652600,OTIS
708,2023-01-10,81.37999725341797,81.7699966430664,80.7699966430664,81.66999816894531,81.38994598388672,1975300,OTIS
709,2023-01-11,82.2300033569336,82.2300033569336,81.13999938964844,81.9000015258789,81.61915588378906,2683300,OTIS
710,2023-01-12,82.0,82.98999786376953,80.75,82.9000015258789,82.61573028564453,2503600,OTIS
711,2023-01-13,82.63999938964844,83.30000305175781,82.22200012207031,83.25,82.96452331542969,1272000,OTIS
712,2023-01-17,83.26000213623047,83.48999786376953,82.875,82.9800033569336,82.6954574584961,1946300,OTIS
713,2023-01-18,83.22000122070312,83.4000015258789,81.7699966430664,81.79000091552734,81.50953674316406,1876300,OTIS
714,2023-01-19,81.52999877929688,81.7699966430664,79.62000274658203,79.6500015258789,79.37686920166016,1552100,OTIS
715,2023-01-20,80.04000091552734,80.83999633789062,79.16000366210938,80.80999755859375,80.53289031982422,1787600,OTIS
716,2023-01-23,80.62000274658203,81.78500366210938,79.88999938964844,81.3499984741211,81.07103729248047,1104400,OTIS
717,2023-01-24,80.26000213623047,82.5250015258789,80.26000213623047,82.11000061035156,81.82843780517578,1542900,OTIS
718,2023-01-25,81.5,81.5,80.04000091552734,80.95999908447266,80.68238067626953,1448800,OTIS
719,2023-01-26,81.41000366210938,81.45999908447266,80.16000366210938,81.08000183105469,80.80197143554688,1353100,OTIS
720,2023-01-27,80.91999816894531,81.5999984741211,80.38999938964844,81.19999694824219,80.92155456542969,1457100,OTIS
721,2023-01-30,80.77999877929688,81.5199966430664,80.37000274658203,80.95999908447266,80.68238067626953,1334300,OTIS
722,2023-01-31,81.5199966430664,82.2300033569336,81.01000213623047,82.2300033569336,81.94802856445312,2543400,OTIS
723,2023-02-01,82.47000122070312,85.12000274658203,82.08000183105469,84.55999755859375,84.27003479003906,3058700,OTIS
724,2023-02-02,85.43000030517578,85.54000091552734,83.79000091552734,83.86000061035156,83.57243347167969,2274200,OTIS
725,2023-02-03,83.4800033569336,84.8499984741211,83.43499755859375,84.7300033569336,84.439453125,1580500,OTIS
726,2023-02-06,83.97000122070312,84.8499984741211,83.54000091552734,83.66999816894531,83.38308715820312,1500100,OTIS
727,2023-02-07,83.12000274658203,83.81999969482422,82.20999908447266,83.62999725341797,83.34322357177734,1641500,OTIS
728,2023-02-08,83.41000366210938,84.0199966430664,83.04000091552734,83.52999877929688,83.24356842041016,1724200,OTIS
729,2023-02-09,84.0199966430664,84.25,82.5,82.80999755859375,82.52603149414062,1745200,OTIS
730,2023-02-10,82.81999969482422,83.43000030517578,82.37999725341797,83.22000122070312,82.93463134765625,1906000,OTIS
731,2023-02-13,83.68000030517578,84.61000061035156,83.3499984741211,84.37999725341797,84.09064483642578,1758700,OTIS
732,2023-02-14,84.37999725341797,84.87000274658203,83.69000244140625,84.33000183105469,84.04082489013672,1887400,OTIS
733,2023-02-15,84.23999786376953,84.6500015258789,83.95999908447266,84.56999969482422,84.27999877929688,1182000,OTIS
734,2023-02-16,83.44999694824219,84.16999816894531,83.09500122070312,83.58999633789062,83.58999633789062,1427500,OTIS
735,2023-02-17,83.86000061035156,84.80999755859375,83.37000274658203,84.76000213623047,84.76000213623047,1800700,OTIS
736,2023-02-21,83.9000015258789,84.30999755859375,82.86000061035156,83.05999755859375,83.05999755859375,2365600,OTIS
737,2023-02-22,83.75,84.12999725341797,83.05000305175781,83.37000274658203,83.37000274658203,1671900,OTIS
738,2023-02-23,83.44000244140625,84.13999938964844,82.7300033569336,83.97000122070312,83.97000122070312,1371600,OTIS
739,2023-02-24,83.63999938964844,84.0199966430664,83.05000305175781,83.62999725341797,83.62999725341797,1889500,OTIS
740,2023-02-27,83.76000213623047,84.5199966430664,83.72000122070312,84.0,84.0,1362400,OTIS
741,2023-02-28,83.97000122070312,84.98999786376953,83.94000244140625,84.62000274658203,84.62000274658203,2963600,OTIS
742,2023-03-01,84.47000122070312,85.55999755859375,84.30999755859375,85.2300033569336,85.2300033569336,1914600,OTIS
743,2023-03-02,85.13999938964844,85.9749984741211,84.69000244140625,85.66999816894531,85.66999816894531,1415400,OTIS
744,2023-03-03,86.0,87.05999755859375,85.63999938964844,86.93000030517578,86.93000030517578,1292300,OTIS
745,2023-03-06,86.88999938964844,87.33000183105469,86.52999877929688,86.6500015258789,86.6500015258789,1704900,OTIS
746,2023-03-07,86.80999755859375,86.80999755859375,84.98999786376953,85.13999938964844,85.13999938964844,1952400,OTIS
747,2023-03-08,85.22000122070312,85.63999938964844,84.5,85.33999633789062,85.33999633789062,1703600,OTIS
748,2023-03-09,85.66000366210938,85.76000213623047,84.0,84.1500015258789,84.1500015258789,1731600,OTIS
749,2023-03-10,84.12999725341797,84.12999725341797,81.79000091552734,82.1500015258789,82.1500015258789,1962300,OTIS
750,2023-03-13,81.36000061035156,82.98500061035156,81.2300033569336,81.94000244140625,81.94000244140625,2497000,OTIS
751,2023-03-14,83.1500015258789,83.94000244140625,82.48999786376953,83.43000030517578,83.43000030517578,2293000,OTIS
752,2023-03-15,82.30999755859375,82.62999725341797,79.66000366210938,81.16000366210938,81.16000366210938,2710400,OTIS
753,2023-03-16,80.41000366210938,81.63999938964844,80.01000213623047,81.51000213623047,81.51000213623047,1854400,OTIS
754,2023-03-17,81.16999816894531,81.23999786376953,79.61000061035156,80.04000091552734,80.04000091552734,3538700,OTIS
755,2023-03-20,80.68000030517578,81.88999938964844,80.44000244140625,81.77999877929688,81.77999877929688,1624900,OTIS
756,2023-03-21,82.6500015258789,82.93000030517578,81.8550033569336,82.30999755859375,82.30999755859375,1237300,OTIS
757,2023-03-22,82.12999725341797,82.48999786376953,80.61000061035156,80.63999938964844,80.63999938964844,1464400,OTIS
758,2023-03-23,80.30000305175781,81.50399780273438,79.62000274658203,80.27999877929688,80.27999877929688,1890300,OTIS
759,2023-03-24,79.16000366210938,80.6500015258789,78.52999877929688,80.5,80.5,1766800,OTIS
760,2023-03-27,81.08999633789062,81.47000122070312,80.51000213623047,80.98999786376953,80.98999786376953,1432800,OTIS
761,2023-03-28,80.93000030517578,81.75,80.7699966430664,81.72000122070312,81.72000122070312,1217200,OTIS
762,2023-03-29,82.52999877929688,83.05999755859375,82.13999938964844,82.83000183105469,82.83000183105469,1531400,OTIS
763,2023-03-30,83.11000061035156,83.63999938964844,82.69300079345703,83.12999725341797,83.12999725341797,1189600,OTIS
764,2023-03-31,83.58999633789062,84.47000122070312,83.3949966430664,84.4000015258789,84.4000015258789,2608900,OTIS
765,2023-04-03,84.2699966430664,84.80000305175781,83.7699966430664,84.19999694824219,84.19999694824219,1382200,OTIS
766,2023-04-04,84.0999984741211,84.70999908447266,80.25,80.62999725341797,80.62999725341797,2606800,OTIS
767,2023-04-05,80.11000061035156,80.47000122070312,79.06999969482422,79.38999938964844,79.38999938964844,1723500,OTIS
768,2023-04-06,79.08999633789062,79.0999984741211,77.87999725341797,78.48999786376953,78.48999786376953,1826200,OTIS
769,2023-04-10,77.94999694824219,79.1500015258789,76.88999938964844,79.12999725341797,79.12999725341797,1235800,OTIS
770,2023-04-11,79.55999755859375,80.16999816894531,79.23999786376953,79.7699966430664,79.7699966430664,1407100,OTIS
771,2023-04-12,80.1500015258789,81.27999877929688,79.86000061035156,80.7300033569336,80.7300033569336,1327500,OTIS
772,2023-04-13,80.66000366210938,81.30000305175781,79.55000305175781,81.16000366210938,81.16000366210938,1565200,OTIS
773,2023-04-14,80.9749984741211,82.0,80.76000213623047,81.26000213623047,81.26000213623047,926000,OTIS
774,2023-04-17,81.54000091552734,82.41000366210938,81.48999786376953,82.37999725341797,82.37999725341797,1312700,OTIS
775,2023-04-18,82.80000305175781,83.23999786376953,82.04000091552734,82.29000091552734,82.29000091552734,2024100,OTIS
776,2023-04-19,81.66999816894531,82.51000213623047,81.61499786376953,82.5,82.5,1143400,OTIS
777,2023-04-20,82.2699966430664,82.81999969482422,81.72000122070312,82.75,82.75,1905100,OTIS
778,2023-04-21,83.26000213623047,83.47000122070312,81.91000366210938,82.7300033569336,82.7300033569336,1042500,OTIS
779,2023-04-24,82.58000183105469,83.47000122070312,82.48999786376953,83.05000305175781,83.05000305175781,1715400,OTIS
780,2023-04-25,82.98999786376953,83.45500183105469,82.5,82.6500015258789,82.6500015258789,2137700,OTIS
781,2023-04-26,81.9000015258789,83.47000122070312,81.55000305175781,81.87999725341797,81.87999725341797,2947600,OTIS
782,2023-04-27,82.83000183105469,85.91999816894531,82.08000183105469,85.87999725341797,85.87999725341797,2353000,OTIS
783,2023-04-28,86.20999908447266,86.63999938964844,85.0,85.30000305175781,85.30000305175781,1973800,OTIS
784,2023-05-01,85.62999725341797,86.37999725341797,85.36000061035156,85.94999694824219,85.94999694824219,1347200,OTIS
785,2023-05-02,85.87000274658203,86.36000061035156,84.7249984741211,86.26000213623047,86.26000213623047,1290800,OTIS
786,2023-05-03,86.7699966430664,86.91999816894531,85.4749984741211,85.54000091552734,85.54000091552734,1370300,OTIS
787,2023-05-04,86.04000091552734,86.19000244140625,85.08000183105469,85.30000305175781,85.30000305175781,1857800,OTIS
788,2023-05-05,86.1500015258789,86.69999694824219,85.63999938964844,85.95999908447266,85.95999908447266,1478000,OTIS
